rebalance_date,active_quarter,n_pool,n_scored_candidates,n_selected,btc_momentum_90d,selected_symbols,selected_relative_momentum
2020-01-01,2020-01-01,30,30,5,-0.1393203778974491,"ATOMUSDT,VETUSDT,ENJUSDT,NEOUSDT,BATUSDT","0.7645,0.6482,0.5260,0.2786,0.2087"
2020-01-31,2020-01-01,30,30,5,0.03050388827084327,"ETCUSDT,ZECUSDT,DASHUSDT,ENJUSDT,ICXUSDT","1.4942,0.7300,0.6670,0.4791,0.4314"
2020-03-01,2020-01-01,30,30,5,0.15325894445729804,"ICXUSDT,LINKUSDT,ETCUSDT,ZECUSDT,DASHUSDT","1.0418,0.7221,0.7186,0.5997,0.4547"
2020-03-31,2020-01-01,30,30,5,-0.11130290484112382,"ICXUSDT,DASHUSDT,LINKUSDT,ENJUSDT,ZECUSDT","0.9155,0.7102,0.3194,0.2651,0.2202"
2020-04-30,2020-04-01,30,30,5,-0.07722314549978393,"HBARUSDT,XTZUSDT,ENJUSDT,LINKUSDT,ICXUSDT","2.0177,0.8272,0.4990,0.4107,0.3335"
2020-05-30,2020-04-01,30,30,5,0.10599499507837629,"ZILUSDT,ENJUSDT,ADAUSDT,HBARUSDT,XLMUSDT","1.0129,0.9999,0.2675,0.2213,0.0842"
2020-06-29,2020-04-01,30,30,5,0.4256816141674409,"ZILUSDT,VETUSDT,ADAUSDT,KAVAUSDT,LINKUSDT","3.2999,1.5372,1.2819,0.9654,0.7133"
2020-07-29,2020-07-01,30,30,5,0.24237432748158305,"BANDUSDT,TFUELUSDT,KAVAUSDT,VETUSDT,ZILUSDT","3.2294,3.0684,2.9313,2.1105,2.1096"
2020-08-28,2020-07-01,30,30,5,0.20189836290597185,"BANDUSDT,KAVAUSDT,LINKUSDT,VETUSDT,ATOMUSDT","7.4957,3.0105,2.4472,1.6705,1.5217"
2020-09-27,2020-07-01,30,30,5,0.1768525780602983,"BANDUSDT,THETAUSDT,LINKUSDT,NEOUSDT,KAVAUSDT","5.1017,1.9266,1.0823,0.9141,0.8123"
2020-10-27,2020-10-01,30,30,5,0.19676021224488305,"THETAUSDT,LINKUSDT,ANKRUSDT,BNBUSDT,NEOUSDT","1.4085,0.4221,0.3472,0.3422,0.2587"
2020-11-26,2020-10-01,30,30,5,0.6521166986455884,"XRPUSDT,XLMUSDT,THETAUSDT,ETHUSDT,LTCUSDT","0.7289,0.4058,-0.1081,-0.1662,-0.1949"
2020-12-26,2020-10-01,30,30,5,1.3034198311056429,"ZILUSDT,LTCUSDT,XLMUSDT,THETAUSDT,ETHUSDT","1.5710,0.4726,-0.2400,-0.4615,-0.5323"
2021-01-25,2021-01-01,30,30,5,1.4716082128746208,"CVCUSDT,SNXUSDT,ZILUSDT,ETHUSDT,ADAUSDT","3.1981,2.4677,1.2924,1.0760,0.9579"
2021-02-24,2021-01-01,30,30,5,1.6118228911524106,"DOGEUSDT,IOSTUSDT,BNBUSDT,ADAUSDT,THETAUSDT","10.2401,6.2064,4.7811,3.6053,1.7987"
2021-03-26,2021-01-01,30,30,5,1.0756233593809115,"CHZUSDT,DOGEUSDT,THETAUSDT,IOSTUSDT,BNBUSDT","23.0912,9.1795,8.1536,5.5340,4.9710"
2021-04-25,2021-04-01,30,30,5,0.5513947656378351,"DOGEUSDT,CHZUSDT,HOTUSDT,LUNAUSDT,ONEUSDT","29.4350,17.9575,15.9186,15.6263,11.7940"
2021-05-25,2021-04-01,30,30,5,-0.2064737886318545,"DOGEUSDT,CHZUSDT,ONEUSDT,ENJUSDT,VETUSDT","6.8842,5.4633,4.4771,2.0018,1.8685"
2021-06-24,2021-04-01,30,30,5,-0.3434277996279471,"DOGEUSDT,BNBUSDT,XRPUSDT,ETHUSDT,ADAUSDT","3.9211,0.6097,0.5936,0.5846,0.4855"
2021-07-24,2021-07-01,30,30,5,-0.3279612067174128,"ETCUSDT,ADAUSDT,ETHUSDT,AAVEUSDT,SUSHIUSDT","0.8727,0.4230,0.2877,0.2418,0.1309"
2021-08-23,2021-07-01,30,30,5,0.2691734183861394,"LUNAUSDT,SOLUSDT,ADAUSDT,ENJUSDT,HOTUSDT","2.9502,1.0473,0.4759,0.1881,0.1689"
2021-09-22,2021-07-01,30,30,5,0.2095223984034713,"LUNAUSDT,SOLUSDT,DOTUSDT,ADAUSDT,QTUMUSDT","3.6383,2.8210,0.4616,0.3778,0.3715"
2021-10-22,2021-10-01,30,30,5,0.8491105304172049,"SOLUSDT,AVAXUSDT,LUNAUSDT,NEARUSDT,DOTUSDT","4.8313,3.6966,3.3436,3.0364,1.3477"
2021-11-21,2021-10-01,30,30,5,0.2126006463952923,"SANDUSDT,SOLUSDT,AVAXUSDT,NEARUSDT,AXSUSDT","5.1932,1.7778,1.6692,0.5853,0.5049"
2021-12-21,2021-10-01,30,30,5,0.15170919503377744,"SANDUSDT,LUNAUSDT,AVAXUSDT,AXSUSDT,BNBUSDT","7.1523,2.1098,0.7735,0.6810,0.3698"
2022-01-20,2022-01-01,30,30,5,-0.33015115008646445,"SANDUSDT,MANAUSDT,CHRUSDT,LUNAUSDT,NEARUSDT","4.9183,2.7987,1.6757,1.3106,1.0408"
2022-02-19,2022-01-01,30,30,5,-0.3304956110211261,"LUNAUSDT,NEARUSDT,ATOMUSDT,SANDUSDT,MANAUSDT","0.4490,0.3784,0.2432,0.1863,0.0692"
2022-03-21,2022-01-01,30,30,5,-0.12047641905983186,"ATOMUSDT,NEARUSDT,LUNAUSDT,XRPUSDT,TRXUSDT","0.4142,0.3724,0.2248,0.0363,-0.0861"
2022-04-20,2022-04-01,30,30,5,-0.004004559768468696,"ZILUSDT,RUNEUSDT,ETCUSDT,LUNAUSDT,NEARUSDT","0.8937,0.7134,0.2117,0.1811,0.0785"
2022-05-20,2022-04-01,30,29,5,-0.24153459060339566,"TRXUSDT,ZILUSDT,BNBUSDT,RUNEUSDT,ETHUSDT","0.4082,0.3378,0.0108,-0.0016,-0.0319"
2022-06-19,2022-04-01,30,29,5,-0.5402370358665614,"TRXUSDT,ZILUSDT,ADAUSDT,BNBUSDT,DOGEUSDT","0.5294,0.2894,0.0578,0.0443,-0.0156"
2022-07-19,2022-07-01,30,29,5,-0.45936705742967876,"TRXUSDT,ENSUSDT,ETCUSDT,BNBUSDT,AAVEUSDT","0.5500,0.2231,0.1276,0.0848,-0.0149"
2022-08-18,2022-07-01,30,29,5,-0.23010379881019405,"ETCUSDT,PEOPLEUSDT,SHIBUSDT,ENSUSDT,ROSEUSDT","1.1593,0.6449,0.4805,0.4781,0.4571"
2022-09-17,2022-07-01,30,29,5,0.043883781329085325,"ATOMUSDT,ETCUSDT,ENSUSDT,AAVEUSDT,SHIBUSDT","1.6872,1.4506,0.5913,0.5549,0.4555"
2022-10-17,2022-10-01,30,29,5,-0.14129449220731638,"ENSUSDT,CHZUSDT,XRPUSDT,ATOMUSDT,RVNUSDT","0.8812,0.7223,0.4460,0.3629,0.2487"
2022-11-16,2022-10-01,30,29,5,-0.27597925857635763,"DOGEUSDT,XRPUSDT,CHZUSDT,LTCUSDT,BNBUSDT","0.3614,0.3005,0.2706,0.2345,0.1786"
2022-12-16,2022-10-01,30,29,5,-0.12356324450975342,"DOGEUSDT,LTCUSDT,XRPUSDT,UNIUSDT,BNBUSDT","0.5270,0.4179,0.1878,0.1182,0.0650"
2023-01-15,2023-01-01,30,28,5,0.08783376196206394,"MASKUSDT,OPUSDT,LTCUSDT,TWTUSDT,DOGEUSDT","1.6290,1.3828,0.6201,0.4388,0.3939"
2023-02-14,2023-01-01,30,28,5,0.2883571382503667,"OPUSDT,APEUSDT,LTCUSDT,SOLUSDT,GALAUSDT","1.0724,0.4136,0.2812,0.1621,0.1470"
2023-03-16,2023-01-01,30,28,5,0.3992385491411208,"OPUSDT,GALAUSDT,DYDXUSDT,SOLUSDT,FILUSDT","0.8538,0.1809,-0.0016,-0.0289,-0.0517"
2023-04-15,2023-04-01,30,30,5,0.4539272877204972,"CFXUSDT,ACHUSDT,STXUSDT,MASKUSDT,GRTUSDT","12.2915,2.8219,1.8494,0.5308,0.5120"
2023-05-15,2023-04-01,30,30,5,0.23622931417651438,"CFXUSDT,STXUSDT,ACHUSDT,ETHUSDT,XRPUSDT","4.1615,0.8848,0.2522,-0.0409,-0.0877"
2023-06-14,2023-04-01,30,30,5,0.06788326938613154,"XRPUSDT,TRXUSDT,ETHUSDT,LTCUSDT,MASKUSDT","0.3788,0.0357,-0.0132,-0.0539,-0.1209"
2023-07-14,2023-07-01,30,30,5,0.03240562800387181,"BCHUSDT,XRPUSDT,TRXUSDT,ARPAUSDT,INJUSDT","1.0395,0.5274,0.2021,0.1658,0.0517"
2023-08-13,2023-07-01,30,30,5,0.09334220484574796,"BCHUSDT,XRPUSDT,INJUSDT,SHIBUSDT,SOLUSDT","0.8919,0.3823,0.1662,0.1205,0.0968"
2023-09-12,2023-07-01,30,30,5,-0.029757174392936014,"BCHUSDT,SOLUSDT,FETUSDT,DYDXUSDT,OPUSDT","0.7790,0.2079,0.2059,0.1969,0.1433"
2023-10-12,2023-10-01,30,30,5,-0.14556738473648856,"TRBUSDT,RUNEUSDT,YGGUSDT,TRXUSDT,LINKUSDT","3.4637,0.6760,0.6747,0.1984,0.1830"
2023-11-11,2023-10-01,30,30,5,0.26746226746226753,"TRBUSDT,RUNEUSDT,SOLUSDT,LINKUSDT,TRXUSDT","6.8002,1.8874,1.0075,0.8144,0.1029"
2023-12-11,2023-10-01,30,30,5,0.7402672705277533,"RUNEUSDT,SOLUSDT,AVAXUSDT,TRBUSDT,LINKUSDT","2.7714,2.4849,2.2836,2.1731,1.0676"
2024-01-10,2024-01-01,30,28,5,0.7156877336698972,"INJUSDT,SOLUSDT,AVAXUSDT,FETUSDT,NEARUSDT","3.6784,2.7986,2.0101,1.4256,1.4155"
2024-02-09,2024-01-01,30,28,5,0.2141198655393881,"SUIUSDT,AVAXUSDT,OPUSDT,NEARUSDT,INJUSDT","1.2899,1.1889,0.7056,0.6674,0.6005"
2024-03-10,2024-01-01,30,28,5,0.5600373240075078,"FETUSDT,PEPEUSDT,WLDUSDT,SHIBUSDT,NEARUSDT","4.2641,3.9150,2.7897,1.8233,0.8985"
2024-04-09,2024-04-01,30,30,5,0.5532422468011278,"FLOKIUSDT,PEPEUSDT,FETUSDT,SHIBUSDT,WLDUSDT","5.8393,4.9134,2.7861,1.4188,1.3665"
2024-05-09,2024-04-01,30,30,5,0.3511780545456753,"PEPEUSDT,FLOKIUSDT,FETUSDT,SHIBUSDT,NEARUSDT","7.0278,4.5616,2.5011,1.0962,0.9791"
2024-06-08,2024-04-01,30,30,5,0.015258089680087128,"PEOPLEUSDT,PEPEUSDT,BNBUSDT,FLOKIUSDT,SOLUSDT","1.1985,0.4436,0.3855,0.1696,0.1109"
2024-07-08,2024-07-01,30,30,5,-0.22008084333984923,"PEOPLEUSDT,PEPEUSDT,JASMYUSDT,TRXUSDT,BONKUSDT","0.5483,0.3026,0.2772,0.2333,0.0827"
2024-08-07,2024-07-01,30,30,5,-0.0845034148496977,"PEOPLEUSDT,JASMYUSDT,SOLUSDT,TRXUSDT,XRPUSDT","1.2584,0.2688,0.1001,0.0883,0.0634"
2024-09-06,2024-07-01,30,30,5,-0.18997168217130278,"TRXUSDT,XRPUSDT,LTCUSDT,SOLUSDT,SUIUSDT","0.5194,0.2807,0.0146,-0.0137,-0.0727"
2024-10-06,2024-10-01,30,30,5,0.11099951824104815,"SUIUSDT,TAOUSDT,AAVEUSDT,1000SATSUSDT,SEIUSDT","1.6298,1.5042,0.7875,0.5305,0.4683"
2024-11-05,2024-10-01,30,30,5,0.21113130357157828,"SUIUSDT,DOGEUSDT,TAOUSDT,SEIUSDT,RUNEUSDT","1.8652,0.4293,0.4062,0.1734,0.1581"
2024-12-05,2024-10-01,30,30,5,0.7548472766108938,"SUIUSDT,DOGEUSDT,ENAUSDT,XRPUSDT,ADAUSDT","2.8540,2.6420,2.6067,2.5754,1.8966"
2025-01-04,2025-01-01,30,30,5,0.5819746044023333,"HBARUSDT,XLMUSDT,XRPUSDT,ENAUSDT,DOGEUSDT","4.3241,3.2887,3.0548,2.6587,1.8905"
2025-02-03,2025-01-01,30,30,5,0.43994952985268543,"HBARUSDT,XRPUSDT,XLMUSDT,ADAUSDT,AAVEUSDT","4.5135,3.6842,2.4459,1.0277,0.5749"
2025-03-05,2025-01-01,30,30,5,-0.11467336773126613,"XRPUSDT,HBARUSDT,AAVEUSDT,ADAUSDT,BNBUSDT","0.1558,-0.0460,-0.0793,-0.0927,-0.0956"
2025-04-04,2025-04-01,30,30,5,-0.15239332785870985,"TRXUSDT,XRPUSDT,BNBUSDT,LTCUSDT,CAKEUSDT","0.0340,-0.0064,-0.0186,-0.1072,-0.1977"
2025-05-04,2025-04-01,30,30,5,-0.018875730433152937,"CAKEUSDT,TRXUSDT,SUIUSDT,TAOUSDT,BNBUSDT","0.2281,0.1080,0.0273,0.0251,-0.0110"
2025-06-03,2025-04-01,30,30,5,0.21282755042908064,"PEPEUSDT,WIFUSDT,NEIROUSDT,BONKUSDT,RUNEUSDT","0.5540,0.4387,0.2671,0.2491,0.2225"
2025-07-03,2025-07-01,30,30,5,0.30808265862979023,"PENGUUSDT,NEIROUSDT,WIFUSDT,AAVEUSDT,SEIUSDT","1.9404,1.3236,1.0591,0.5192,0.4034"
2025-08-02,2025-07-01,30,30,5,0.18195453157962715,"PENGUUSDT,ENAUSDT,ETHUSDT,UNIUSDT,NEIROUSDT","2.1173,0.8060,0.7205,0.5938,0.4895"
2025-09-01,2025-07-01,30,30,5,0.022561924706864467,"PENGUUSDT,ENAUSDT,ETHUSDT,LINKUSDT,UNIUSDT","1.6379,0.9595,0.6618,0.6263,0.4699"
2025-10-01,2025-10-01,30,30,5,0.047766183798562345,"BIOUSDT,ENAUSDT,PENGUUSDT,AVAXUSDT,ETHUSDT","1.3083,0.9769,0.7522,0.5735,0.5649"
2025-10-31,2025-10-01,30,30,5,-0.04391121708931478,"BNBUSDT,BIOUSDT,SOLUSDT,ETHUSDT,LINKUSDT","0.4692,0.3789,0.1790,0.1348,0.0893"
2025-11-30,2025-10-01,30,30,5,-0.16115009882550313,"BNBUSDT,BCHUSDT,TRXUSDT,XRPUSDT,NEARUSDT","0.1789,0.1194,-0.0151,-0.0459,-0.0568"
2025-12-30,2025-10-01,30,30,5,-0.2350903248281241,"BCHUSDT,TRXUSDT,BNBUSDT,UNIUSDT,LTCUSDT","0.3039,0.0894,0.0804,0.0197,-0.0321"
2026-01-29,2026-01-01,30,30,5,-0.17561285298175233,"DASHUSDT,ICPUSDT,BCHUSDT,ZECUSDT,TRXUSDT","0.5019,0.2856,0.2678,0.2494,0.1855"
2026-02-28,2026-01-01,30,30,5,-0.27455583792682214,"TRXUSDT,BCHUSDT,PEPEUSDT,VIRTUALUSDT,BNBUSDT","0.2813,0.1595,0.0820,0.0071,-0.0220"
2026-03-30,2026-01-01,30,30,5,-0.24331612009702763,"TAOUSDT,TRXUSDT,VIRTUALUSDT,PEPEUSDT,HBARUSDT","0.6855,0.3731,0.1926,0.0472,0.0235"
2026-04-29,2026-04-01,30,30,5,-0.1450976646245985,"TRXUSDT,TAOUSDT,PENGUUSDT,ASTERUSDT,ZECUSDT","0.2385,0.2295,0.1641,0.1183,0.0513"
2026-05-29,2026-04-01,30,30,5,0.11758255771411541,"ZECUSDT,NEARUSDT,TAOUSDT,TRXUSDT,DASHUSDT","1.3786,1.0945,0.3648,0.1306,0.0870"
2026-06-28,2026-04-01,30,30,5,-0.0906202957601111,"ZECUSDT,WLDUSDT,NEARUSDT,XPLUSDT,DASHUSDT","0.9315,0.7420,0.6954,0.2587,0.1290"
2026-07-28,2026-07-01,30,30,5,-0.1648736350541119,"币安人生USDT,ONDOUSDT,ZECUSDT,WLDUSDT,NEARUSDT","0.8217,0.6558,0.5827,0.4644,0.4195"
