quarter,rank,symbol,listing_month,days_listed,avg_90d_quote_volume_usdt,volume_days_available
2020-01-01,1,ETHUSDT,2017-08,883,58403388.62385316,90
2020-01-01,2,BNBUSDT,2017-11,791,25707711.764398698,90
2020-01-01,3,XRPUSDT,2018-05,610,24450533.624738466,90
2020-01-01,4,LTCUSDT,2017-12,761,15696295.848080747,90
2020-01-01,5,TRXUSDT,2018-06,579,15650833.401703032,90
2020-01-01,6,LINKUSDT,2019-01,365,13483696.633658107,90
2020-01-01,7,VETUSDT,2018-07,549,7584912.940866021,90
2020-01-01,8,ADAUSDT,2018-04,640,5291895.765757157,90
2020-01-01,9,ETCUSDT,2018-06,579,4589407.8226178,90
2020-01-01,10,ONTUSDT,2018-06,579,4559206.533141512,90
2020-01-01,11,NEOUSDT,2017-11,791,4432843.977514311,90
2020-01-01,12,XLMUSDT,2018-05,610,4413372.3096891,90
2020-01-01,13,ATOMUSDT,2019-04,275,3910475.8221448665,90
2020-01-01,14,FETUSDT,2019-02,334,3459354.7541222214,90
2020-01-01,15,IOSTUSDT,2019-03,306,3307284.825090656,90
2020-01-01,16,QTUMUSDT,2018-03,671,2612755.763196211,90
2020-01-01,17,BATUSDT,2019-03,306,1636042.5450151665,90
2020-01-01,18,ALGOUSDT,2019-06,214,1596106.2455482744,90
2020-01-01,19,ZECUSDT,2019-03,306,1544443.650064173,90
2020-01-01,20,DASHUSDT,2019-03,306,1136913.7030457756,90
2020-01-01,21,IOTAUSDT,2018-05,610,740608.7204361111,90
2020-01-01,22,ONEUSDT,2019-06,214,732369.9297482221,90
2020-01-01,23,ZRXUSDT,2019-02,334,625917.1366467444,90
2020-01-01,24,ENJUSDT,2019-04,275,558359.2508807777,90
2020-01-01,25,HOTUSDT,2019-02,334,529270.6841418578,90
2020-01-01,26,ICXUSDT,2018-06,579,443938.76373133337,90
2020-01-01,27,ZILUSDT,2019-02,334,423833.99159501103,90
2020-01-01,28,DOGEUSDT,2019-07,184,408498.1963796578,90
2020-01-01,29,CELRUSDT,2019-03,306,296273.58698434447,90
2020-01-01,30,DUSKUSDT,2019-07,184,243932.84642868888,90
2020-04-01,1,ETHUSDT,2017-08,974,145859393.5189539,90
2020-04-01,2,BNBUSDT,2017-11,882,49388105.858713746,90
2020-04-01,3,XRPUSDT,2018-05,701,48729880.22844743,90
2020-04-01,4,ETCUSDT,2018-06,670,40901496.7133741,90
2020-04-01,5,LTCUSDT,2017-12,852,40268840.47963064,90
2020-04-01,6,LINKUSDT,2019-01,456,37663462.27171537,90
2020-04-01,7,TRXUSDT,2018-06,670,19801387.910455946,90
2020-04-01,8,XTZUSDT,2019-09,213,17489035.88216761,90
2020-04-01,9,DASHUSDT,2019-03,397,14977772.671990013,90
2020-04-01,10,ADAUSDT,2018-04,731,13896852.633611878,90
2020-04-01,11,ZECUSDT,2019-03,397,8784520.650509087,90
2020-04-01,12,XLMUSDT,2018-05,701,8199529.881948511,90
2020-04-01,13,NEOUSDT,2017-11,882,6914236.225552612,90
2020-04-01,14,VETUSDT,2018-07,640,6332401.82768551,90
2020-04-01,15,ATOMUSDT,2019-04,366,5853109.246103612,90
2020-04-01,16,ONTUSDT,2018-06,670,5095900.201255272,90
2020-04-01,17,ICXUSDT,2018-06,670,4966961.462645444,90
2020-04-01,18,QTUMUSDT,2018-03,762,4147876.420300756,90
2020-04-01,19,HBARUSDT,2019-09,213,4085917.189506667,90
2020-04-01,20,ALGOUSDT,2019-06,305,3454160.2780978163,90
2020-04-01,21,IOSTUSDT,2019-03,397,3146167.400826311,90
2020-04-01,22,IOTAUSDT,2018-05,701,2738684.7863510447,90
2020-04-01,23,BATUSDT,2019-03,397,2490083.1548177996,90
2020-04-01,24,FETUSDT,2019-02,425,1484298.223224151,90
2020-04-01,25,RVNUSDT,2019-09,213,1478706.4230391441,90
2020-04-01,26,WINUSDT,2019-08,244,1461303.5006335133,90
2020-04-01,27,ENJUSDT,2019-04,366,1132967.0765262223,90
2020-04-01,28,CHZUSDT,2019-09,213,978958.0495938667,90
2020-04-01,29,KAVAUSDT,2019-10,183,748505.1838071665,90
2020-04-01,30,ZILUSDT,2019-02,425,661811.0923415112,90
2020-07-01,1,ETHUSDT,2017-08,1065,156748602.86036378,90
2020-07-01,2,BNBUSDT,2017-11,973,44141178.68234013,90
2020-07-01,3,LINKUSDT,2019-01,547,34355602.97966296,90
2020-07-01,4,BCHUSDT,2019-11,243,34355456.59723383,90
2020-07-01,5,XRPUSDT,2018-05,792,25096993.19190951,90
2020-07-01,6,ADAUSDT,2018-04,822,21746941.795656886,90
2020-07-01,7,LTCUSDT,2017-12,943,20767068.58470797,90
2020-07-01,8,XTZUSDT,2019-09,304,16408781.640442608,90
2020-07-01,9,VETUSDT,2018-07,731,12400219.708323333,90
2020-07-01,10,ETCUSDT,2018-06,761,11856289.1216239,90
2020-07-01,11,TRXUSDT,2018-06,761,11070896.237218235,90
2020-07-01,12,XLMUSDT,2018-05,792,9101048.77555251,90
2020-07-01,13,ZECUSDT,2019-03,488,7127342.000419768,90
2020-07-01,14,ZILUSDT,2019-02,516,6836194.020950422,90
2020-07-01,15,DASHUSDT,2019-03,488,6114949.790391327,90
2020-07-01,16,ONTUSDT,2018-06,761,5859260.635021534,90
2020-07-01,17,TFUELUSDT,2019-05,427,5673820.070175506,90
2020-07-01,18,NEOUSDT,2017-11,973,5543937.658241468,90
2020-07-01,19,THETAUSDT,2019-04,457,4697425.829645578,90
2020-07-01,20,IOSTUSDT,2019-03,488,4145697.930337478,90
2020-07-01,21,BATUSDT,2019-03,488,4018667.790161944,90
2020-07-01,22,ATOMUSDT,2019-04,457,3544358.652797978,90
2020-07-01,23,ZRXUSDT,2019-02,516,2981140.134081223,90
2020-07-01,24,QTUMUSDT,2018-03,853,2850235.1686054333,90
2020-07-01,25,ALGOUSDT,2019-06,396,2763913.4657708663,90
2020-07-01,26,KAVAUSDT,2019-10,274,2457874.2853254336,90
2020-07-01,27,BANDUSDT,2019-09,304,2228780.9604743775,90
2020-07-01,28,OGNUSDT,2020-01,182,2044491.9919273662,90
2020-07-01,29,ENJUSDT,2019-04,457,1976239.7285329888,90
2020-07-01,30,ICXUSDT,2018-06,761,1970480.4611395667,90
2020-10-01,1,ETHUSDT,2017-08,1157,329726606.32191974,90
2020-10-01,2,LINKUSDT,2019-01,639,152953477.83959657,90
2020-10-01,3,BNBUSDT,2017-11,1065,73995732.56659685,90
2020-10-01,4,XRPUSDT,2018-05,884,62364367.5880206,90
2020-10-01,5,TRXUSDT,2018-06,853,50669566.69752366,90
2020-10-01,6,ADAUSDT,2018-04,914,47855363.05639817,90
2020-10-01,7,VETUSDT,2018-07,823,39300819.89436889,90
2020-10-01,8,BCHUSDT,2019-11,335,37940768.96368593,90
2020-10-01,9,LTCUSDT,2017-12,1035,35802865.84506393,90
2020-10-01,10,XTZUSDT,2019-09,396,29096058.463913646,90
2020-10-01,11,BANDUSDT,2019-09,396,24675958.4009518,90
2020-10-01,12,ATOMUSDT,2019-04,549,18872486.160807732,90
2020-10-01,13,XLMUSDT,2018-05,884,18744734.087890055,90
2020-10-01,14,ZECUSDT,2019-03,580,18286600.40391801,90
2020-10-01,15,NEOUSDT,2017-11,1065,17335071.456250153,90
2020-10-01,16,ONTUSDT,2018-06,853,17020152.717235744,90
2020-10-01,17,QTUMUSDT,2018-03,945,16454235.404321233,90
2020-10-01,18,ALGOUSDT,2019-06,488,13833835.70480378,90
2020-10-01,19,IOSTUSDT,2019-03,580,11402959.103691865,90
2020-10-01,20,KAVAUSDT,2019-10,366,10961441.097893978,90
2020-10-01,21,ETCUSDT,2018-06,853,10667501.235231055,90
2020-10-01,22,BATUSDT,2019-03,580,7913625.297070633,90
2020-10-01,23,ZRXUSDT,2019-02,608,7901223.511774345,90
2020-10-01,24,THETAUSDT,2019-04,549,7363936.094952954,90
2020-10-01,25,ZILUSDT,2019-02,608,7118560.109174791,90
2020-10-01,26,DASHUSDT,2019-03,580,6426685.316638657,90
2020-10-01,27,DOGEUSDT,2019-07,458,5338204.138999921,90
2020-10-01,28,ANKRUSDT,2019-07,458,5153332.488878527,90
2020-10-01,29,ICXUSDT,2018-06,853,4870205.977931856,90
2020-10-01,30,FETUSDT,2019-02,608,3660314.9480535267,90
2021-01-01,1,ETHUSDT,2017-08,1249,487170023.0310063,90
2021-01-01,2,XRPUSDT,2018-05,976,313696495.7758852,90
2021-01-01,3,LTCUSDT,2017-12,1127,128188323.44620234,90
2021-01-01,4,LINKUSDT,2019-01,731,105295102.00861087,90
2021-01-01,5,BNBUSDT,2017-11,1157,79618656.9734632,90
2021-01-01,6,BCHUSDT,2019-11,427,73329279.1621516,90
2021-01-01,7,ADAUSDT,2018-04,1006,64197745.09573187,90
2021-01-01,8,XLMUSDT,2018-05,976,46467386.65047813,90
2021-01-01,9,TRXUSDT,2018-06,945,35316014.33826994,90
2021-01-01,10,VETUSDT,2018-07,915,21399219.457330443,90
2021-01-01,11,ZECUSDT,2019-03,672,18436551.290198285,90
2021-01-01,12,ZILUSDT,2019-02,700,18035000.223579876,90
2021-01-01,13,ETCUSDT,2018-06,945,16679830.810637353,90
2021-01-01,14,DASHUSDT,2019-03,672,13347949.992337916,90
2021-01-01,15,THETAUSDT,2019-04,641,13234873.030346135,90
2021-01-01,16,NEOUSDT,2017-11,1157,12870210.196694532,90
2021-01-01,17,ATOMUSDT,2019-04,641,12423526.303214865,90
2021-01-01,18,XTZUSDT,2019-09,488,12056682.480560077,90
2021-01-01,19,BANDUSDT,2019-09,488,9642870.070488501,90
2021-01-01,20,ONTUSDT,2018-06,945,8082530.619069033,90
2021-01-01,21,SNXUSDT,2020-07,184,7335950.861962299,90
2021-01-01,22,CVCUSDT,2019-08,519,7275114.849321956,90
2021-01-01,23,ALGOUSDT,2019-06,580,7203881.206059023,90
2021-01-01,24,COMPUSDT,2020-06,214,6217896.405704354,90
2021-01-01,25,QTUMUSDT,2018-03,1037,6094983.994956144,90
2021-01-01,26,IOSTUSDT,2019-03,672,4553177.745585089,90
2021-01-01,27,KAVAUSDT,2019-10,458,4464457.413045689,90
2021-01-01,28,IOTAUSDT,2018-05,976,4079985.9907034445,90
2021-01-01,29,DOGEUSDT,2019-07,550,4024061.8730913294,90
2021-01-01,30,CHZUSDT,2019-09,488,3999018.241415756,90
2021-04-01,1,ETHUSDT,2017-08,1339,1845284976.2698495,90
2021-04-01,2,BNBUSDT,2017-11,1247,857317456.8649144,90
2021-04-01,3,ADAUSDT,2018-04,1096,597874616.7450829,90
2021-04-01,4,XRPUSDT,2018-05,1066,521806898.2943745,90
2021-04-01,5,DOTUSDT,2020-08,243,411754379.4946818,90
2021-04-01,6,DOGEUSDT,2019-07,640,394836775.20776105,90
2021-04-01,7,LTCUSDT,2017-12,1217,279058705.57491434,90
2021-04-01,8,CHZUSDT,2019-09,578,245007507.42759946,90
2021-04-01,9,LINKUSDT,2019-01,821,225408694.4461181,90
2021-04-01,10,BCHUSDT,2019-11,517,171608775.01484734,90
2021-04-01,11,XLMUSDT,2018-05,1066,156988894.6905898,90
2021-04-01,12,UNIUSDT,2020-09,212,134824521.4401614,90
2021-04-01,13,FILUSDT,2020-10,182,129163918.6879015,90
2021-04-01,14,TRXUSDT,2018-06,1035,125869769.09456967,90
2021-04-01,15,VETUSDT,2018-07,1005,125392779.3417557,90
2021-04-01,16,THETAUSDT,2019-04,731,105493045.62106785,90
2021-04-01,17,ENJUSDT,2019-04,731,101711229.59333707,90
2021-04-01,18,SUSHIUSDT,2020-09,212,97363440.39383703,90
2021-04-01,19,LUNAUSDT,2020-08,243,89691243.58003719,90
2021-04-01,20,AAVEUSDT,2020-10,182,88093345.40164177,90
2021-04-01,21,HOTUSDT,2019-02,790,76252295.02976486,90
2021-04-01,22,ATOMUSDT,2019-04,731,72190727.10731861,90
2021-04-01,23,AVAXUSDT,2020-09,212,72129611.32499443,90
2021-04-01,24,IOSTUSDT,2019-03,762,67348366.58048987,90
2021-04-01,25,EGLDUSDT,2020-09,212,65636106.00706302,90
2021-04-01,26,ONTUSDT,2018-06,1035,63733552.55531562,90
2021-04-01,27,NEOUSDT,2017-11,1247,62205608.569163755,90
2021-04-01,28,ONEUSDT,2019-06,670,60907660.01780581,90
2021-04-01,29,YFIUSDT,2020-08,243,60842828.46210818,90
2021-04-01,30,CRVUSDT,2020-08,243,59378527.90986599,90
2021-07-01,1,ETHUSDT,2017-08,1430,3039114376.298431,90
2021-07-01,2,DOGEUSDT,2019-07,731,2455708277.551032,90
2021-07-01,3,BNBUSDT,2017-11,1338,1649178073.4482095,90
2021-07-01,4,XRPUSDT,2018-05,1157,1388135937.9382098,90
2021-07-01,5,ADAUSDT,2018-04,1187,866545761.7194968,90
2021-07-01,6,DOTUSDT,2020-08,334,512327229.92017967,90
2021-07-01,7,ETCUSDT,2018-06,1126,485970630.222229,90
2021-07-01,8,VETUSDT,2018-07,1096,404251104.6375434,90
2021-07-01,9,LTCUSDT,2017-12,1308,401692989.4002521,90
2021-07-01,10,TRXUSDT,2018-06,1126,310860722.07229304,90
2021-07-01,11,LINKUSDT,2019-01,912,306719969.8399619,90
2021-07-01,12,WINUSDT,2019-08,700,294587016.44442785,90
2021-07-01,13,CHZUSDT,2019-09,669,275688593.28390604,90
2021-07-01,14,BCHUSDT,2019-11,608,265776279.78406996,90
2021-07-01,15,SOLUSDT,2020-08,334,253297570.4113421,90
2021-07-01,16,FILUSDT,2020-10,273,239784385.03071707,90
2021-07-01,17,XLMUSDT,2018-05,1157,188765668.51979452,90
2021-07-01,18,THETAUSDT,2019-04,822,178113135.8092668,90
2021-07-01,19,HOTUSDT,2019-02,881,174709056.25938907,90
2021-07-01,20,UNIUSDT,2020-09,303,134560341.87728292,90
2021-07-01,21,NEOUSDT,2017-11,1338,131556633.0897552,90
2021-07-01,22,LUNAUSDT,2020-08,334,116556124.73381057,90
2021-07-01,23,AAVEUSDT,2020-10,273,116331411.47030033,90
2021-07-01,24,ONTUSDT,2018-06,1126,110182681.77513447,90
2021-07-01,25,SUSHIUSDT,2020-09,303,96380433.36690769,90
2021-07-01,26,QTUMUSDT,2018-03,1218,90719416.15136816,90
2021-07-01,27,ENJUSDT,2019-04,822,88179061.06819797,90
2021-07-01,28,ZECUSDT,2019-03,853,87171857.89381804,90
2021-07-01,29,KSMUSDT,2020-09,303,81559236.07526508,90
2021-07-01,30,XVSUSDT,2020-10,273,81376885.38149492,90
2021-10-01,1,ETHUSDT,2017-08,1522,1826256077.0339146,90
2021-10-01,2,ADAUSDT,2018-04,1279,594274560.6981639,90
2021-10-01,3,SOLUSDT,2020-08,426,582367156.2349293,90
2021-10-01,4,BNBUSDT,2017-11,1430,533876912.60688317,90
2021-10-01,5,XRPUSDT,2018-05,1249,483336407.672024,90
2021-10-01,6,DOGEUSDT,2019-07,823,418796341.8699025,90
2021-10-01,7,DOTUSDT,2020-08,426,382942857.2105145,90
2021-10-01,8,AXSUSDT,2020-11,334,348961294.78734195,90
2021-10-01,9,AVAXUSDT,2020-09,395,270477339.6240363,90
2021-10-01,10,FILUSDT,2020-10,365,225442382.342815,90
2021-10-01,11,LUNAUSDT,2020-08,426,215986086.0205237,90
2021-10-01,12,LINKUSDT,2019-01,1004,172182614.47472516,90
2021-10-01,13,FTTUSDT,2019-12,670,142161215.79144138,90
2021-10-01,14,ALICEUSDT,2021-03,214,141294123.08424747,90
2021-10-01,15,ATOMUSDT,2019-04,914,134852942.76121074,90
2021-10-01,16,TLMUSDT,2021-04,183,134722297.17397004,90
2021-10-01,17,ETCUSDT,2018-06,1218,128288060.98624109,90
2021-10-01,18,LTCUSDT,2017-12,1400,126912405.25312006,90
2021-10-01,19,THETAUSDT,2019-04,914,115353029.64338985,90
2021-10-01,20,VETUSDT,2018-07,1188,111850139.43139352,90
2021-10-01,21,TRXUSDT,2018-06,1218,99924620.16380899,90
2021-10-01,22,ALGOUSDT,2019-06,853,93964244.0250684,90
2021-10-01,23,CHZUSDT,2019-09,761,78854995.8542606,90
2021-10-01,24,SANDUSDT,2020-08,426,76462503.43502952,90
2021-10-01,25,NEARUSDT,2020-10,365,74873924.26114209,90
2021-10-01,26,UNIUSDT,2020-09,395,74388537.17344883,90
2021-10-01,27,SLPUSDT,2021-04,183,72462820.32283111,90
2021-10-01,28,RUNEUSDT,2020-09,395,69230262.36459735,90
2021-10-01,29,CAKEUSDT,2021-02,242,68334701.35633537,90
2021-10-01,30,XTZUSDT,2019-09,761,67484063.27814339,90
2022-01-01,1,ETHUSDT,2017-08,1614,1778730996.3952105,90
2022-01-01,2,SHIBUSDT,2021-05,245,1350953380.3484595,90
2022-01-01,3,BNBUSDT,2017-11,1522,622825485.7610102,90
2022-01-01,4,SANDUSDT,2020-08,518,517204379.4259465,90
2022-01-01,5,SOLUSDT,2020-08,518,498478242.1405234,90
2022-01-01,6,MANAUSDT,2020-08,518,483896816.1883005,90
2022-01-01,7,DOGEUSDT,2019-07,915,438326965.44011635,90
2022-01-01,8,XRPUSDT,2018-05,1341,419609019.30999297,90
2022-01-01,9,DOTUSDT,2020-08,518,418252011.4016685,90
2022-01-01,10,LUNAUSDT,2020-08,518,322988521.660396,90
2022-01-01,11,ADAUSDT,2018-04,1371,317945457.34209496,90
2022-01-01,12,AVAXUSDT,2020-09,487,317449406.8288967,90
2022-01-01,13,TRXUSDT,2018-06,1310,263301887.36429065,90
2022-01-01,14,FILUSDT,2020-10,457,230125615.70882025,90
2022-01-01,15,AXSUSDT,2020-11,426,174780456.656078,90
2022-01-01,16,LTCUSDT,2017-12,1492,170429800.34877637,90
2022-01-01,17,LINKUSDT,2019-01,1096,157171966.00265294,90
2022-01-01,18,SLPUSDT,2021-04,275,129482694.93699,90
2022-01-01,19,CHZUSDT,2019-09,853,122017301.27710192,90
2022-01-01,20,VETUSDT,2018-07,1280,118985264.84467079,90
2022-01-01,21,NEARUSDT,2020-10,457,117619325.99857086,90
2022-01-01,22,ATOMUSDT,2019-04,1006,105323545.38364889,90
2022-01-01,23,ALICEUSDT,2021-03,306,105072547.17287636,90
2022-01-01,24,ONEUSDT,2019-06,945,99051877.46550956,90
2022-01-01,25,ALGOUSDT,2019-06,945,96029005.83941574,90
2022-01-01,26,ICPUSDT,2021-05,245,95296411.21473557,90
2022-01-01,27,TLMUSDT,2021-04,275,94582368.80379385,90
2022-01-01,28,CHRUSDT,2020-05,610,92881419.14590088,90
2022-01-01,29,IOTXUSDT,2019-11,792,90773066.48621085,90
2022-01-01,30,EGLDUSDT,2020-09,487,89710228.40130423,90
2022-04-01,1,ETHUSDT,2017-08,1704,1344966014.2767835,90
2022-04-01,2,LUNAUSDT,2020-08,608,398583227.32832897,90
2022-04-01,3,BNBUSDT,2017-11,1612,321080633.97972226,90
2022-04-01,4,SOLUSDT,2020-08,608,276203422.41007334,90
2022-04-01,5,XRPUSDT,2018-05,1431,260568329.77021912,90
2022-04-01,6,SHIBUSDT,2021-05,335,247352252.0851853,90
2022-04-01,7,GALAUSDT,2021-09,212,223302075.45923576,90
2022-04-01,8,AVAXUSDT,2020-09,577,204431355.30680665,90
2022-04-01,9,ADAUSDT,2018-04,1461,197376073.41104063,90
2022-04-01,10,DOTUSDT,2020-08,608,173582643.28612483,90
2022-04-01,11,SANDUSDT,2020-08,608,173023507.16391003,90
2022-04-01,12,ATOMUSDT,2019-04,1096,160106427.41395667,90
2022-04-01,13,NEARUSDT,2020-10,547,148205643.57640123,90
2022-04-01,14,DOGEUSDT,2019-07,1005,131955298.62667903,90
2022-04-01,15,LINKUSDT,2019-01,1186,128225864.2095845,90
2022-04-01,16,SLPUSDT,2021-04,365,117905517.51713333,90
2022-04-01,17,MANAUSDT,2020-08,608,108687923.12579778,90
2022-04-01,18,TRXUSDT,2018-06,1400,102826126.53392206,90
2022-04-01,19,ROSEUSDT,2020-11,516,85441253.8964205,90
2022-04-01,20,FILUSDT,2020-10,547,75654511.95649718,90
2022-04-01,21,ETCUSDT,2018-06,1400,74057921.68832026,90
2022-04-01,22,ICPUSDT,2021-05,335,73522396.06158112,90
2022-04-01,23,ONEUSDT,2019-06,1035,65898314.65637317,90
2022-04-01,24,CRVUSDT,2020-08,608,65617288.59945885,90
2022-04-01,25,LTCUSDT,2017-12,1582,61440452.99258354,90
2022-04-01,26,AXSUSDT,2020-11,516,59766527.65432654,90
2022-04-01,27,VETUSDT,2018-07,1370,58371874.870366946,90
2022-04-01,28,ZILUSDT,2019-02,1155,53133529.69654611,90
2022-04-01,29,THETAUSDT,2019-04,1096,50865569.25907211,90
2022-04-01,30,RUNEUSDT,2020-09,577,46124310.10445589,90
2022-07-01,1,ETHUSDT,2017-08,1795,1608380391.9462152,90
2022-07-01,2,LUNAUSDT,2020-08,699,416306864.0662143,73
2022-07-01,3,BNBUSDT,2017-11,1703,272154554.8616465,90
2022-07-01,4,SOLUSDT,2020-08,699,253936886.20101458,90
2022-07-01,5,XRPUSDT,2018-05,1522,177997049.19971287,90
2022-07-01,6,DOGEUSDT,2019-07,1096,167134187.9305957,90
2022-07-01,7,NEARUSDT,2020-10,638,158568896.2025492,90
2022-07-01,8,TRXUSDT,2018-06,1491,148407086.37576663,90
2022-07-01,9,AVAXUSDT,2020-09,668,141800647.23761725,90
2022-07-01,10,ADAUSDT,2018-04,1552,138561602.3344535,90
2022-07-01,11,SHIBUSDT,2021-05,426,135208424.91829583,90
2022-07-01,12,ZILUSDT,2019-02,1246,92960966.8560198,90
2022-07-01,13,DOTUSDT,2020-08,699,89701817.80783185,90
2022-07-01,14,GALAUSDT,2021-09,303,76087586.54158312,90
2022-07-01,15,JASMYUSDT,2021-11,242,66832013.96788565,90
2022-07-01,16,SANDUSDT,2020-08,699,66184113.014617786,90
2022-07-01,17,ATOMUSDT,2019-04,1187,55364732.44769165,90
2022-07-01,18,LINKUSDT,2019-01,1277,55250953.08368847,90
2022-07-01,19,RUNEUSDT,2020-09,668,49340969.40992016,90
2022-07-01,20,FILUSDT,2020-10,638,46481386.43430398,90
2022-07-01,21,AXSUSDT,2020-11,607,46294472.98687628,90
2022-07-01,22,MANAUSDT,2020-08,699,44731765.36727117,90
2022-07-01,23,SLPUSDT,2021-04,456,44441732.41725211,90
2022-07-01,24,LTCUSDT,2017-12,1673,44383850.33580821,90
2022-07-01,25,ETCUSDT,2018-06,1491,41407101.660890356,90
2022-07-01,26,VETUSDT,2018-07,1461,37178597.03753973,90
2022-07-01,27,ENSUSDT,2021-11,242,37012589.69364,90
2022-07-01,28,PEOPLEUSDT,2021-12,212,35295912.333907224,90
2022-07-01,29,AAVEUSDT,2020-10,638,29740066.80512275,90
2022-07-01,30,ROSEUSDT,2020-11,607,29565675.377079673,90
2022-10-01,1,ETHUSDT,2017-08,1887,1413211832.0519137,90
2022-10-01,2,ETCUSDT,2018-06,1583,144052444.7145689,90
2022-10-01,3,SOLUSDT,2020-08,791,141092854.40420666,90
2022-10-01,4,BNBUSDT,2017-11,1795,132908281.32772556,90
2022-10-01,5,XRPUSDT,2018-05,1614,130739520.91244666,90
2022-10-01,6,ADAUSDT,2018-04,1644,85406283.48562767,90
2022-10-01,7,SHIBUSDT,2021-05,518,81885814.11766227,90
2022-10-01,8,AVAXUSDT,2020-09,760,65476026.25228111,90
2022-10-01,9,CHZUSDT,2019-09,1126,59878768.416436665,90
2022-10-01,10,DOGEUSDT,2019-07,1188,57953521.00668589,90
2022-10-01,11,APEUSDT,2022-03,214,55449587.246769086,90
2022-10-01,12,ATOMUSDT,2019-04,1279,53107005.71336855,90
2022-10-01,13,NEARUSDT,2020-10,730,52754588.75911778,90
2022-10-01,14,DOTUSDT,2020-08,791,50311444.80960899,90
2022-10-01,15,LUNAUSDT,2020-08,791,48463508.31444422,90
2022-10-01,16,FILUSDT,2020-10,730,45638003.41159446,90
2022-10-01,17,GMTUSDT,2022-03,214,44432646.97649507,90
2022-10-01,18,LINKUSDT,2019-01,1369,43481038.08374322,90
2022-10-01,19,SANDUSDT,2020-08,791,35042269.57424222,90
2022-10-01,20,GALAUSDT,2021-09,395,33124708.492087778,90
2022-10-01,21,TRXUSDT,2018-06,1583,32358929.869628634,90
2022-10-01,22,LTCUSDT,2017-12,1765,31372557.52580555,90
2022-10-01,23,RUNEUSDT,2020-09,760,30586904.730458885,90
2022-10-01,24,UNIUSDT,2020-09,760,21787749.790666666,90
2022-10-01,25,JASMYUSDT,2021-11,334,19483762.14767691,90
2022-10-01,26,AAVEUSDT,2020-10,730,18252914.655595556,90
2022-10-01,27,ROSEUSDT,2020-11,699,18184086.268952068,90
2022-10-01,28,MANAUSDT,2020-08,791,17952382.83909222,90
2022-10-01,29,RVNUSDT,2019-09,1126,17747605.301440746,90
2022-10-01,30,ENSUSDT,2021-11,334,16985870.191139996,90
2023-01-01,1,ETHUSDT,2017-08,1979,731918822.667885,90
2023-01-01,2,DOGEUSDT,2019-07,1280,202366147.00292936,90
2023-01-01,3,XRPUSDT,2018-05,1706,140859250.92663667,90
2023-01-01,4,BNBUSDT,2017-11,1887,129409142.62642334,90
2023-01-01,5,SOLUSDT,2020-08,883,86651925.02466434,90
2023-01-01,6,FTTUSDT,2019-12,1127,74712569.08435813,44
2023-01-01,7,CHZUSDT,2019-09,1218,57634236.55688111,90
2023-01-01,8,LTCUSDT,2017-12,1857,53223945.305140115,90
2023-01-01,9,SHIBUSDT,2021-05,610,49851759.14102786,90
2023-01-01,10,LINKUSDT,2019-01,1461,41419927.27423911,90
2023-01-01,11,ADAUSDT,2018-04,1736,39586295.59722817,90
2023-01-01,12,MASKUSDT,2021-05,610,34859985.700553335,90
2023-01-01,13,TRXUSDT,2018-06,1675,29647019.184886318,90
2023-01-01,14,DOTUSDT,2020-08,883,26540408.639111824,90
2023-01-01,15,ATOMUSDT,2019-04,1371,26529662.56887111,90
2023-01-01,16,APEUSDT,2022-03,306,24261266.775321435,90
2023-01-01,17,ETCUSDT,2018-06,1675,24113180.976737775,90
2023-01-01,18,AVAXUSDT,2020-09,852,23059059.324674767,90
2023-01-01,19,NEARUSDT,2020-10,822,22159284.0834174,90
2023-01-01,20,TWTUSDT,2021-01,730,20569901.98592254,90
2023-01-01,21,OPUSDT,2022-06,214,20145439.394759335,90
2023-01-01,22,FILUSDT,2020-10,822,18812542.492733106,90
2023-01-01,23,DYDXUSDT,2021-09,487,18406876.357099336,90
2023-01-01,24,GALAUSDT,2021-09,487,18159960.82436389,90
2023-01-01,25,SANDUSDT,2020-08,883,18017228.373990048,90
2023-01-01,26,ALGOUSDT,2019-06,1310,16931594.170788877,90
2023-01-01,27,UNIUSDT,2020-09,852,15631535.27470422,90
2023-01-01,28,SUSHIUSDT,2020-09,852,15327663.70132667,90
2023-01-01,29,LUNAUSDT,2020-08,883,15054524.74160951,90
2023-01-01,30,AXSUSDT,2020-11,791,14231036.924938956,90
2023-04-01,1,ETHUSDT,2017-08,2069,855031779.9634792,90
2023-04-01,2,XRPUSDT,2018-05,1796,177439357.76747224,90
2023-04-01,3,SOLUSDT,2020-08,973,132705776.34217222,90
2023-04-01,4,APTUSDT,2022-10,182,120724553.3635928,90
2023-04-01,5,BNBUSDT,2017-11,1977,119212366.66516222,90
2023-04-01,6,DOGEUSDT,2019-07,1370,94775819.33675012,90
2023-04-01,7,CFXUSDT,2021-03,761,85678346.50297889,90
2023-04-01,8,OPUSDT,2022-06,304,74711389.85231233,90
2023-04-01,9,SHIBUSDT,2021-05,700,69788255.89695506,90
2023-04-01,10,FILUSDT,2020-10,912,68853344.12394679,90
2023-04-01,11,LTCUSDT,2017-12,1947,68605965.46552733,90
2023-04-01,12,GALAUSDT,2021-09,577,65846980.77151234,90
2023-04-01,13,LDOUSDT,2022-05,335,60034238.78531022,90
2023-04-01,14,ADAUSDT,2018-04,1826,49520686.29631966,90
2023-04-01,15,AVAXUSDT,2020-09,942,48018841.07986555,90
2023-04-01,16,DYDXUSDT,2021-09,577,43936127.26966911,90
2023-04-01,17,MASKUSDT,2021-05,700,40605944.62724334,90
2023-04-01,18,FETUSDT,2019-02,1520,39981555.39389556,90
2023-04-01,19,LINKUSDT,2019-01,1551,38024187.772598,90
2023-04-01,20,DOTUSDT,2020-08,973,36249865.710878104,90
2023-04-01,21,NEARUSDT,2020-10,912,33639159.54710556,90
2023-04-01,22,SANDUSDT,2020-08,973,32766336.739987776,90
2023-04-01,23,TRXUSDT,2018-06,1765,31309842.654180516,90
2023-04-01,24,STXUSDT,2019-10,1278,28686383.63896622,90
2023-04-01,25,ATOMUSDT,2019-04,1461,27234449.70482456,90
2023-04-01,26,GRTUSDT,2020-12,851,26525653.74822889,90
2023-04-01,27,ETCUSDT,2018-06,1765,25294159.85434,90
2023-04-01,28,GMTUSDT,2022-03,396,23579366.37837155,90
2023-04-01,29,APEUSDT,2022-03,396,23236306.281664666,90
2023-04-01,30,ACHUSDT,2022-01,455,21540378.35703489,90
2023-07-01,1,ETHUSDT,2017-08,2160,741813270.8996806,90
2023-07-01,2,XRPUSDT,2018-05,1887,158498782.1637967,90
2023-07-01,3,BNBUSDT,2017-11,2068,135054843.93730223,90
2023-07-01,4,DOGEUSDT,2019-07,1461,88485710.9097441,90
2023-07-01,5,SOLUSDT,2020-08,1064,72807495.63827556,90
2023-07-01,6,LTCUSDT,2017-12,2038,64564311.11275656,90
2023-07-01,7,CFXUSDT,2021-03,852,48796719.281629995,90
2023-07-01,8,ADAUSDT,2018-04,1917,39134192.98876745,90
2023-07-01,9,APTUSDT,2022-10,273,33627929.30009718,90
2023-07-01,10,INJUSDT,2020-10,1003,30310583.41352333,90
2023-07-01,11,OPUSDT,2022-06,395,29966905.838984665,90
2023-07-01,12,OGUSDT,2020-12,942,27868077.259557612,90
2023-07-01,13,GALAUSDT,2021-09,668,26779948.80323633,90
2023-07-01,14,AVAXUSDT,2020-09,1033,25457660.58416778,90
2023-07-01,15,SHIBUSDT,2021-05,791,24483067.665089685,90
2023-07-01,16,FILUSDT,2020-10,1003,24181004.960559446,90
2023-07-01,17,BCHUSDT,2019-11,1338,24054355.381225552,90
2023-07-01,18,LINKUSDT,2019-01,1642,23571913.11328861,90
2023-07-01,19,TRXUSDT,2018-06,1856,22532442.83366544,90
2023-07-01,20,MASKUSDT,2021-05,791,18220616.572639998,90
2023-07-01,21,LDOUSDT,2022-05,426,18123836.69999645,90
2023-07-01,22,DOTUSDT,2020-08,1064,17911135.247231778,90
2023-07-01,23,ARPAUSDT,2019-11,1338,17550531.9480701,90
2023-07-01,24,DYDXUSDT,2021-09,668,17545195.83770856,90
2023-07-01,25,ATOMUSDT,2019-04,1552,16152553.097909888,90
2023-07-01,26,FETUSDT,2019-02,1611,16123110.608852223,90
2023-07-01,27,SANDUSDT,2020-08,1064,15831354.431507777,90
2023-07-01,28,STXUSDT,2019-10,1369,15521800.03785589,90
2023-07-01,29,APEUSDT,2022-03,487,14538616.17054093,90
2023-07-01,30,MAGICUSDT,2022-12,212,13025434.588971,90
2023-10-01,1,ETHUSDT,2017-08,2252,392761566.90664375,90
2023-10-01,2,XRPUSDT,2018-05,1979,222598142.6097667,90
2023-10-01,3,BNBUSDT,2017-11,2160,93391940.50847554,90
2023-10-01,4,SOLUSDT,2020-08,1156,85660361.28067224,90
2023-10-01,5,DOGEUSDT,2019-07,1553,52759670.33009667,90
2023-10-01,6,LTCUSDT,2017-12,2130,51270255.89520522,90
2023-10-01,7,BCHUSDT,2019-11,1430,38608417.133937776,90
2023-10-01,8,ARBUSDT,2023-03,214,37658124.78960823,90
2023-10-01,9,SHIBUSDT,2021-05,883,32492334.720929056,90
2023-10-01,10,OPUSDT,2022-06,487,28649356.038583227,90
2023-10-01,11,LINKUSDT,2019-01,1734,27852357.65524145,90
2023-10-01,12,ADAUSDT,2018-04,2009,23150070.371157553,90
2023-10-01,13,YGGUSDT,2021-09,760,19054758.210694667,90
2023-10-01,14,TRXUSDT,2018-06,1948,18671667.402560588,90
2023-10-01,15,XVGUSDT,2021-06,852,16313935.915061444,90
2023-10-01,16,AVAXUSDT,2020-09,1125,16129582.82108778,90
2023-10-01,17,COMPUSDT,2020-06,1217,15699308.436072111,90
2023-10-01,18,APTUSDT,2022-10,365,15458458.702645864,90
2023-10-01,19,XLMUSDT,2018-05,1979,15320662.77813111,90
2023-10-01,20,FILUSDT,2020-10,1095,14847919.661024226,90
2023-10-01,21,RUNEUSDT,2020-09,1125,13990942.752168886,90
2023-10-01,22,APEUSDT,2022-03,579,13126180.448638199,90
2023-10-01,23,CRVUSDT,2020-08,1156,12547198.501917448,90
2023-10-01,24,TRBUSDT,2020-08,1156,11886695.941005556,90
2023-10-01,25,GALAUSDT,2021-09,760,11749725.770219222,90
2023-10-01,26,SNXUSDT,2020-07,1187,11250684.676714443,90
2023-10-01,27,DYDXUSDT,2021-09,760,10785337.139571222,90
2023-10-01,28,DOTUSDT,2020-08,1156,10728656.849304844,90
2023-10-01,29,CFXUSDT,2021-03,944,10634696.505763335,90
2023-10-01,30,HBARUSDT,2019-09,1491,10061873.149807777,90
2024-01-01,1,ETHUSDT,2017-08,2344,689485851.5223818,90
2024-01-01,2,SOLUSDT,2020-08,1248,445670074.07018936,90
2024-01-01,3,XRPUSDT,2018-05,2071,208077265.05991665,90
2024-01-01,4,BNBUSDT,2017-11,2252,192611432.33716443,90
2024-01-01,5,AVAXUSDT,2020-09,1217,132527643.34093556,90
2024-01-01,6,DOGEUSDT,2019-07,1645,116103536.21051055,90
2024-01-01,7,LINKUSDT,2019-01,1826,100382684.33178544,90
2024-01-01,8,ARBUSDT,2023-03,306,72254291.14860378,90
2024-01-01,9,RUNEUSDT,2020-09,1217,70122008.64985445,90
2024-01-01,10,ADAUSDT,2018-04,2101,69178657.09016389,90
2024-01-01,11,OPUSDT,2022-06,579,64445083.48893555,90
2024-01-01,12,FTTUSDT,2019-12,1492,56924145.29109193,90
2024-01-01,13,INJUSDT,2020-10,1187,49735526.827917695,90
2024-01-01,14,NEARUSDT,2020-10,1187,49424574.66538334,90
2024-01-01,15,LUNCUSDT,2022-09,487,48103230.04979727,90
2024-01-01,16,DOTUSDT,2020-08,1248,45733916.13019062,90
2024-01-01,17,USTCUSDT,2023-03,306,45677614.91002835,90
2024-01-01,18,WLDUSDT,2023-07,184,43038870.1961889,90
2024-01-01,19,TRBUSDT,2020-08,1248,42266787.72523893,90
2024-01-01,20,GASUSDT,2023-03,306,42111953.57144667,90
2024-01-01,21,SHIBUSDT,2021-05,975,41633582.29525258,90
2024-01-01,22,DYDXUSDT,2021-09,852,41455716.81507845,90
2024-01-01,23,GALAUSDT,2021-09,852,38955176.694254115,90
2024-01-01,24,FILUSDT,2020-10,1187,38677572.62992289,90
2024-01-01,25,SUIUSDT,2023-05,245,36159114.01935556,90
2024-01-01,26,LTCUSDT,2017-12,2222,35841783.39724377,90
2024-01-01,27,ATOMUSDT,2019-04,1736,34578813.45409422,90
2024-01-01,28,FETUSDT,2019-02,1795,34032906.61424778,90
2024-01-01,29,PEPEUSDT,2023-05,245,32230671.090078972,90
2024-01-01,30,LUNAUSDT,2020-08,1248,31581164.56722083,90
2024-04-01,1,ETHUSDT,2017-08,2435,1438437813.1075242,90
2024-04-01,2,SOLUSDT,2020-08,1339,824392101.3904756,90
2024-04-01,3,BNBUSDT,2017-11,2343,416956682.84191346,90
2024-04-01,4,DOGEUSDT,2019-07,1736,321219467.366543,90
2024-04-01,5,XRPUSDT,2018-05,2162,297575305.81923556,90
2024-04-01,6,SHIBUSDT,2021-05,1066,289318371.7733648,90
2024-04-01,7,PEPEUSDT,2023-05,336,271208389.67289287,90
2024-04-01,8,ARBUSDT,2023-03,397,186391969.841744,90
2024-04-01,9,AVAXUSDT,2020-09,1308,168880859.79798108,90
2024-04-01,10,WLDUSDT,2023-07,275,138880499.3675289,90
2024-04-01,11,SUIUSDT,2023-05,336,122043278.01945655,90
2024-04-01,12,FLOKIUSDT,2023-05,336,114040250.0759622,90
2024-04-01,13,NEARUSDT,2020-10,1278,112608008.54461443,90
2024-04-01,14,LINKUSDT,2019-01,1917,111805159.15679523,90
2024-04-01,15,SEIUSDT,2023-08,244,108005296.01489876,90
2024-04-01,16,FILUSDT,2020-10,1278,107708932.2451727,90
2024-04-01,17,ADAUSDT,2018-04,2192,105724378.96650776,90
2024-04-01,18,RUNEUSDT,2020-09,1308,104265549.13392223,90
2024-04-01,19,OPUSDT,2022-06,670,96148473.52767645,90
2024-04-01,20,FETUSDT,2019-02,1886,91024339.80113365,90
2024-04-01,21,INJUSDT,2020-10,1278,81540390.46560158,90
2024-04-01,22,LTCUSDT,2017-12,2313,76148926.82076822,90
2024-04-01,23,TIAUSDT,2023-10,183,74942474.52501555,90
2024-04-01,24,APTUSDT,2022-10,548,70114663.77899942,90
2024-04-01,25,DOTUSDT,2020-08,1339,68790387.42368989,90
2024-04-01,26,GALAUSDT,2021-09,943,68466134.70307098,90
2024-04-01,27,BCHUSDT,2019-11,1613,65396360.81118888,90
2024-04-01,28,ICPUSDT,2021-05,1066,62979313.042204,90
2024-04-01,29,ETCUSDT,2018-06,2131,58421005.4299289,90
2024-04-01,30,PEOPLEUSDT,2021-12,852,52230342.239521876,90
2024-07-01,1,ETHUSDT,2017-08,2526,1183277513.3832116,90
2024-07-01,2,SOLUSDT,2020-08,1430,635645879.765198,90
2024-07-01,3,PEPEUSDT,2023-05,427,421738869.73090523,90
2024-07-01,4,BNBUSDT,2017-11,2434,249480359.51798588,90
2024-07-01,5,DOGEUSDT,2019-07,1827,246252021.47334692,90
2024-07-01,6,XRPUSDT,2018-05,2253,179809420.13613,90
2024-07-01,7,SHIBUSDT,2021-05,1157,130087071.12985751,90
2024-07-01,8,FLOKIUSDT,2023-05,427,101579063.2075194,90
2024-07-01,9,NEARUSDT,2020-10,1369,93890306.31196222,90
2024-07-01,10,BONKUSDT,2023-12,213,89944112.14814396,90
2024-07-01,11,ORDIUSDT,2023-11,243,89266661.55109279,90
2024-07-01,12,PEOPLEUSDT,2021-12,943,85215210.9952211,90
2024-07-01,13,ARBUSDT,2023-03,488,83014049.00286023,90
2024-07-01,14,RUNEUSDT,2020-09,1399,80794170.08257222,90
2024-07-01,15,WLDUSDT,2023-07,366,80574108.44218335,90
2024-07-01,16,AVAXUSDT,2020-09,1399,72423919.09466332,90
2024-07-01,17,FETUSDT,2019-02,1977,64299127.93567633,90
2024-07-01,18,LINKUSDT,2019-01,2008,54424860.27718311,90
2024-07-01,19,BCHUSDT,2019-11,1704,53753468.75017666,90
2024-07-01,20,LTCUSDT,2017-12,2404,52765075.13708722,90
2024-07-01,21,ADAUSDT,2018-04,2283,52297173.533147216,90
2024-07-01,22,OPUSDT,2022-06,761,50475875.34423667,90
2024-07-01,23,FILUSDT,2020-10,1369,47648378.532455,90
2024-07-01,24,SUIUSDT,2023-05,427,45129737.76197856,90
2024-07-01,25,PENDLEUSDT,2023-07,366,43046273.75125666,90
2024-07-01,26,GALAUSDT,2021-09,1034,41050730.32067478,90
2024-07-01,27,TRBUSDT,2020-08,1430,39199470.33851244,90
2024-07-01,28,TRXUSDT,2018-06,2222,38445243.46733176,90
2024-07-01,29,JTOUSDT,2023-12,213,37786708.74493711,90
2024-07-01,30,JASMYUSDT,2021-11,973,37528753.003793955,90
2024-10-01,1,ETHUSDT,2017-08,2618,883453475.110111,90
2024-10-01,2,SOLUSDT,2020-08,1522,548845892.0405774,90
2024-10-01,3,PEPEUSDT,2023-05,519,255047762.77987206,90
2024-10-01,4,XRPUSDT,2018-05,2345,180824932.24656224,90
2024-10-01,5,WIFUSDT,2024-03,214,156986638.46263254,90
2024-10-01,6,BNBUSDT,2017-11,2526,149303417.9226611,90
2024-10-01,7,DOGEUSDT,2019-07,1919,92121819.01814646,90
2024-10-01,8,1000SATSUSDT,2023-12,305,89274233.2600729,90
2024-10-01,9,SUIUSDT,2023-05,519,72475445.26547611,90
2024-10-01,10,FETUSDT,2019-02,2069,59368199.75228067,90
2024-10-01,11,BOMEUSDT,2024-03,214,57222684.64769333,90
2024-10-01,12,FLOKIUSDT,2023-05,519,54466208.737181015,90
2024-10-01,13,TRXUSDT,2018-06,2314,52728477.6694748,90
2024-10-01,14,SHIBUSDT,2021-05,1249,51679732.85823664,90
2024-10-01,15,AVAXUSDT,2020-09,1491,50703543.36666444,90
2024-10-01,16,BONKUSDT,2023-12,305,49757583.709480256,90
2024-10-01,17,NEARUSDT,2020-10,1461,47584415.12732666,90
2024-10-01,18,PEOPLEUSDT,2021-12,1035,46893056.93934849,90
2024-10-01,19,WLDUSDT,2023-07,458,46648731.38385111,90
2024-10-01,20,RUNEUSDT,2020-09,1491,43460516.351563334,90
2024-10-01,21,ORDIUSDT,2023-11,335,42565720.50482978,90
2024-10-01,22,ARBUSDT,2023-03,580,36445902.26600833,90
2024-10-01,23,ADAUSDT,2018-04,2375,33271646.41395167,90
2024-10-01,24,AAVEUSDT,2020-10,1461,31815086.092591885,90
2024-10-01,25,TIAUSDT,2023-10,366,30135576.204537664,90
2024-10-01,26,SEIUSDT,2023-08,427,28989551.028538994,90
2024-10-01,27,TAOUSDT,2024-04,183,28861696.16124122,90
2024-10-01,28,LINKUSDT,2019-01,2100,27095020.433350664,90
2024-10-01,29,ENAUSDT,2024-04,183,26405040.3780144,90
2024-10-01,30,ETHFIUSDT,2024-03,214,25675063.834271114,90
2025-01-01,1,ETHUSDT,2017-08,2710,1552651818.374116,90
2025-01-01,2,DOGEUSDT,2019-07,2011,1048699810.6411233,90
2025-01-01,3,XRPUSDT,2018-05,2437,890067858.1868279,90
2025-01-01,4,SOLUSDT,2020-08,1614,852793685.8740209,90
2025-01-01,5,PEPEUSDT,2023-05,611,593217675.6630341,90
2025-01-01,6,BNBUSDT,2017-11,2618,315456751.0362689,90
2025-01-01,7,SUIUSDT,2023-05,611,303805268.60907733,90
2025-01-01,8,ADAUSDT,2018-04,2467,241658600.072384,90
2025-01-01,9,SHIBUSDT,2021-05,1341,195911861.02011994,90
2025-01-01,10,WIFUSDT,2024-03,306,195049440.10288185,90
2025-01-01,11,TRXUSDT,2018-06,2406,170432256.48669198,90
2025-01-01,12,HBARUSDT,2019-09,1949,149257721.61196655,90
2025-01-01,13,XLMUSDT,2018-05,2437,135969759.94845995,90
2025-01-01,14,WLDUSDT,2023-07,550,131548610.6652033,90
2025-01-01,15,AVAXUSDT,2020-09,1583,128100527.71435,90
2025-01-01,16,LINKUSDT,2019-01,2192,127686790.17576613,90
2025-01-01,17,BONKUSDT,2023-12,397,117168472.8956205,90
2025-01-01,18,ENAUSDT,2024-04,275,107889415.64096782,90
2025-01-01,19,FLOKIUSDT,2023-05,611,96967747.41936494,90
2025-01-01,20,LTCUSDT,2017-12,2588,95277517.97332989,90
2025-01-01,21,NEARUSDT,2020-10,1553,90569376.10803889,90
2025-01-01,22,BOMEUSDT,2024-03,306,88246736.33694272,90
2025-01-01,23,DOTUSDT,2020-08,1614,88226481.74784733,90
2025-01-01,24,FETUSDT,2019-02,2161,86973071.77165888,90
2025-01-01,25,APTUSDT,2022-10,823,86205052.61341418,90
2025-01-01,26,ARBUSDT,2023-03,672,83394912.02418956,90
2025-01-01,27,UNIUSDT,2020-09,1583,77804374.10434233,90
2025-01-01,28,RUNEUSDT,2020-09,1583,77173693.94144222,90
2025-01-01,29,SEIUSDT,2023-08,519,73472418.5163028,90
2025-01-01,30,AAVEUSDT,2020-10,1553,71833100.4654261,90
2025-04-01,1,ETHUSDT,2017-08,2800,1528604680.9665782,90
2025-04-01,2,SOLUSDT,2020-08,1704,914258199.1354806,90
2025-04-01,3,XRPUSDT,2018-05,2527,860030825.939184,90
2025-04-01,4,DOGEUSDT,2019-07,2101,407898733.14080155,90
2025-04-01,5,SUIUSDT,2023-05,701,261425137.5198249,90
2025-04-01,6,PEPEUSDT,2023-05,701,241348430.32268664,90
2025-04-01,7,BNBUSDT,2017-11,2708,238831718.88533384,90
2025-04-01,8,ADAUSDT,2018-04,2557,227559548.6899587,90
2025-04-01,9,TRXUSDT,2018-06,2496,155979339.30787164,90
2025-04-01,10,LTCUSDT,2017-12,2678,130401480.61520901,90
2025-04-01,11,ENAUSDT,2024-04,365,113727376.75541982,90
2025-04-01,12,LINKUSDT,2019-01,2282,109226106.93181667,90
2025-04-01,13,HBARUSDT,2019-09,2039,105392129.10556066,90
2025-04-01,14,WIFUSDT,2024-03,396,92852052.4304612,90
2025-04-01,15,RUNEUSDT,2020-09,1673,81085728.92838223,90
2025-04-01,16,AVAXUSDT,2020-09,1673,74767664.5993789,90
2025-04-01,17,WLDUSDT,2023-07,640,70180266.45516445,90
2025-04-01,18,XLMUSDT,2018-05,2527,63161310.33846778,90
2025-04-01,19,TAOUSDT,2024-04,365,63061198.44526968,90
2025-04-01,20,AAVEUSDT,2020-10,1643,62538888.93121812,90
2025-04-01,21,SHIBUSDT,2021-05,1431,56467344.43618401,90
2025-04-01,22,APTUSDT,2022-10,913,50201243.15316477,90
2025-04-01,23,NEARUSDT,2020-10,1643,48496239.15125556,90
2025-04-01,24,CAKEUSDT,2021-02,1520,45621278.28000279,90
2025-04-01,25,DOTUSDT,2020-08,1704,44425490.74101711,90
2025-04-01,26,NEIROUSDT,2024-09,212,43435745.326615855,90
2025-04-01,27,BONKUSDT,2023-12,487,42151855.19785292,90
2025-04-01,28,ARBUSDT,2023-03,762,41513268.70638,90
2025-04-01,29,FETUSDT,2019-02,2251,40291142.89904289,90
2025-04-01,30,UNIUSDT,2020-09,1673,38752178.05507889,90
2025-07-01,1,ETHUSDT,2017-08,2891,1402971337.023487,90
2025-07-01,2,SOLUSDT,2020-08,1795,521136268.42322814,90
2025-07-01,3,XRPUSDT,2018-05,2618,335374862.9410094,90
2025-07-01,4,PEPEUSDT,2023-05,792,252558878.11011684,90
2025-07-01,5,SUIUSDT,2023-05,792,217979559.21082598,90
2025-07-01,6,DOGEUSDT,2019-07,2192,199096729.90477574,90
2025-07-01,7,TRUMPUSDT,2025-01,181,136082551.84714612,90
2025-07-01,8,BNBUSDT,2017-11,2799,133700653.3318069,90
2025-07-01,9,TRXUSDT,2018-06,2587,109011906.00859801,90
2025-07-01,10,ADAUSDT,2018-04,2648,85652184.068941,90
2025-07-01,11,WIFUSDT,2024-03,487,66164478.70352999,90
2025-07-01,12,ENAUSDT,2024-04,456,58055849.27281796,90
2025-07-01,13,AVAXUSDT,2020-09,1764,49582665.81641889,90
2025-07-01,14,LINKUSDT,2019-01,2373,48670190.429397784,90
2025-07-01,15,UNIUSDT,2020-09,1764,47771049.841157995,90
2025-07-01,16,PNUTUSDT,2024-11,242,45685993.70084144,90
2025-07-01,17,NEIROUSDT,2024-09,303,44343186.61783162,90
2025-07-01,18,AAVEUSDT,2020-10,1734,42784853.03644422,90
2025-07-01,19,LTCUSDT,2017-12,2769,42636385.041322,90
2025-07-01,20,WLDUSDT,2023-07,731,41689493.30213222,90
2025-07-01,21,TAOUSDT,2024-04,456,37309624.37556478,90
2025-07-01,22,BONKUSDT,2023-12,578,33013606.56523339,90
2025-07-01,23,PENGUUSDT,2024-12,212,30677428.801276598,90
2025-07-01,24,SUSDT,2025-01,181,30099798.418930005,90
2025-07-01,25,CRVUSDT,2020-08,1795,28994630.69112489,90
2025-07-01,26,HBARUSDT,2019-09,2130,28953395.822125997,90
2025-07-01,27,NEARUSDT,2020-10,1734,28808940.939218894,90
2025-07-01,28,SEIUSDT,2023-08,700,28434397.178447336,90
2025-07-01,29,ARBUSDT,2023-03,853,26648293.842442993,90
2025-07-01,30,SHIBUSDT,2021-05,1522,26403321.439324155,90
2025-10-01,1,ETHUSDT,2017-08,2983,2255765601.720354,90
2025-10-01,2,SOLUSDT,2020-08,1887,781741814.7387973,90
2025-10-01,3,XRPUSDT,2018-05,2710,522940793.2636106,90
2025-10-01,4,DOGEUSDT,2019-07,2284,351151237.6688644,90
2025-10-01,5,BNBUSDT,2017-11,2891,220753766.71499643,90
2025-10-01,6,SUIUSDT,2023-05,884,177113738.354158,90
2025-10-01,7,PEPEUSDT,2023-05,884,159479731.12692177,90
2025-10-01,8,ENAUSDT,2024-04,548,158340605.62591916,90
2025-10-01,9,TRXUSDT,2018-06,2679,148465367.63460177,90
2025-10-01,10,ADAUSDT,2018-04,2740,147542158.5917452,90
2025-10-01,11,LINKUSDT,2019-01,2465,114814047.68921445,90
2025-10-01,12,PENGUUSDT,2024-12,304,106371878.06638005,90
2025-10-01,13,AVAXUSDT,2020-09,1856,90308657.01872112,90
2025-10-01,14,BONKUSDT,2023-12,670,83374895.310695,90
2025-10-01,15,UNIUSDT,2020-09,1856,71811192.32441166,90
2025-10-01,16,WLDUSDT,2023-07,823,69297662.76128112,90
2025-10-01,17,LTCUSDT,2017-12,2861,63925933.708645225,90
2025-10-01,18,HBARUSDT,2019-09,2222,59189950.72828512,90
2025-10-01,19,ARBUSDT,2023-03,945,54608900.58360355,90
2025-10-01,20,XLMUSDT,2018-05,2710,50887324.24943889,90
2025-10-01,21,WIFUSDT,2024-03,579,47625054.874136545,90
2025-10-01,22,TRUMPUSDT,2025-01,273,46616486.366118446,90
2025-10-01,23,AAVEUSDT,2020-10,1826,45183777.16513578,90
2025-10-01,24,SEIUSDT,2023-08,792,42770850.63072178,90
2025-10-01,25,CRVUSDT,2020-08,1887,35237741.93248989,90
2025-10-01,26,NEARUSDT,2020-10,1826,33618935.13780777,90
2025-10-01,27,BCHUSDT,2019-11,2161,32652646.296746667,90
2025-10-01,28,BIOUSDT,2025-01,273,31123433.26886555,90
2025-10-01,29,DOTUSDT,2020-08,1887,30508788.663185332,90
2025-10-01,30,FLOKIUSDT,2023-05,884,29810932.13270431,90
2026-01-01,1,ETHUSDT,2017-08,3075,1762433783.6726482,90
2026-01-01,2,SOLUSDT,2020-08,1979,620516862.3843901,90
2026-01-01,3,BNBUSDT,2017-11,2983,418124638.05876637,90
2026-01-01,4,ZECUSDT,2019-03,2498,365722612.5210515,90
2026-01-01,5,XRPUSDT,2018-05,2802,306864597.7321313,90
2026-01-01,6,DOGEUSDT,2019-07,2376,207717228.10961464,90
2026-01-01,7,SUIUSDT,2023-05,976,104222722.54378124,90
2026-01-01,8,TRXUSDT,2018-06,2771,86207748.03682,90
2026-01-01,9,ADAUSDT,2018-04,2832,79371451.2035939,90
2026-01-01,10,LINKUSDT,2019-01,2557,68857650.62620355,90
2026-01-01,11,LTCUSDT,2017-12,2953,61053352.510467336,90
2026-01-01,12,AVAXUSDT,2020-09,1948,60973537.77167777,90
2026-01-01,13,TAOUSDT,2024-04,640,58151377.647784114,90
2026-01-01,14,PEPEUSDT,2023-05,976,55919225.04731553,90
2026-01-01,15,ENAUSDT,2024-04,640,55248650.67133256,90
2026-01-01,16,UNIUSDT,2020-09,1948,49404853.32465756,90
2026-01-01,17,DASHUSDT,2019-03,2498,46806225.86771744,90
2026-01-01,18,NEARUSDT,2020-10,1918,45420392.79620111,90
2026-01-01,19,TRUMPUSDT,2025-01,365,44756065.55148155,90
2026-01-01,20,ZENUSDT,2020-07,2010,42164705.1442641,90
2026-01-01,21,ICPUSDT,2021-05,1706,41077318.157470554,90
2026-01-01,22,FILUSDT,2020-10,1918,36801672.63567844,90
2026-01-01,23,BCHUSDT,2019-11,2253,35859126.05553111,90
2026-01-01,24,HBARUSDT,2019-09,2314,33816269.56254478,90
2026-01-01,25,CAKEUSDT,2021-02,1795,33184870.503165334,90
2026-01-01,26,PENGUUSDT,2024-12,396,32390768.819599226,90
2026-01-01,27,WLDUSDT,2023-07,915,29854346.378938112,90
2026-01-01,28,AAVEUSDT,2020-10,1918,29654852.01856133,90
2026-01-01,29,VIRTUALUSDT,2025-04,275,28858479.220891662,90
2026-01-01,30,STRKUSDT,2024-02,700,28712418.7048013,90
2026-04-01,1,ETHUSDT,2017-08,3165,1114182528.5064912,90
2026-04-01,2,SOLUSDT,2020-08,2069,340073393.7756723,90
2026-04-01,3,XRPUSDT,2018-05,2892,225507215.3309047,90
2026-04-01,4,BNBUSDT,2017-11,3073,115389019.64448978,90
2026-04-01,5,DOGEUSDT,2019-07,2466,106664887.35439256,90
2026-04-01,6,ZECUSDT,2019-03,2588,80601789.46790144,90
2026-04-01,7,SUIUSDT,2023-05,1066,55472759.193777114,90
2026-04-01,8,PEPEUSDT,2023-05,1066,54242101.6522709,90
2026-04-01,9,TRXUSDT,2018-06,2861,48945413.91025077,90
2026-04-01,10,ADAUSDT,2018-04,2922,44902314.561048,90
2026-04-01,11,TAOUSDT,2024-04,730,36711556.24710756,90
2026-04-01,12,LINKUSDT,2019-01,2647,32834527.68549422,90
2026-04-01,13,AVAXUSDT,2020-09,2038,29208931.85351,90
2026-04-01,14,LTCUSDT,2017-12,3043,28711929.432213448,90
2026-04-01,15,ASTERUSDT,2025-10,182,28233111.54001112,90
2026-04-01,16,BCHUSDT,2019-11,2343,24988880.692042224,90
2026-04-01,17,NEARUSDT,2020-10,2008,23397744.42117222,90
2026-04-01,18,DASHUSDT,2019-03,2588,22658290.823429108,90
2026-04-01,19,PUMPUSDT,2025-09,212,20426765.451046158,90
2026-04-01,20,ENAUSDT,2024-04,730,20006699.934269745,90
2026-04-01,21,UNIUSDT,2020-09,2038,18837764.90207422,90
2026-04-01,22,WLFIUSDT,2025-09,212,17618845.683772333,90
2026-04-01,23,TRUMPUSDT,2025-01,455,16647076.15430559,90
2026-04-01,24,WLDUSDT,2023-07,1005,15579631.601275442,90
2026-04-01,25,HBARUSDT,2019-09,2404,14637831.811960557,90
2026-04-01,26,FILUSDT,2020-10,2008,14540309.29750511,90
2026-04-01,27,PENGUUSDT,2024-12,486,14141951.544935009,90
2026-04-01,28,AAVEUSDT,2020-10,2008,13963856.919452775,90
2026-04-01,29,XPLUSDT,2025-09,212,13846134.929624666,90
2026-04-01,30,ICPUSDT,2021-05,1796,13633512.364471776,90
2026-07-01,1,ETHUSDT,2017-08,3256,609668629.221813,90
2026-07-01,2,SOLUSDT,2020-08,2160,207009214.54168648,90
2026-07-01,3,ZECUSDT,2019-03,2679,129974030.92279711,90
2026-07-01,4,XRPUSDT,2018-05,2983,121180964.28159554,90
2026-07-01,5,BNBUSDT,2017-11,3164,92076449.35655488,90
2026-07-01,6,DOGEUSDT,2019-07,2557,78801337.94985978,90
2026-07-01,7,WLDUSDT,2023-07,1096,54072885.487703666,90
2026-07-01,8,NEARUSDT,2020-10,2099,50246330.43527334,90
2026-07-01,9,TAOUSDT,2024-04,821,44347854.39963667,90
2026-07-01,10,SUIUSDT,2023-05,1157,43995343.51396778,90
2026-07-01,11,TRXUSDT,2018-06,2952,38429845.380741,90
2026-07-01,12,PEPEUSDT,2023-05,1157,29332544.0296476,90
2026-07-01,13,ADAUSDT,2018-04,3013,29089248.34423656,90
2026-07-01,14,XLMUSDT,2018-05,2983,28442503.914959997,90
2026-07-01,15,币安人生USDT,2026-01,181,27452146.84288956,90
2026-07-01,16,LINKUSDT,2019-01,2738,23036413.190732777,90
2026-07-01,17,AVAXUSDT,2020-09,2129,20257578.32421978,90
2026-07-01,18,ENAUSDT,2024-04,821,19694998.452127047,90
2026-07-01,19,XPLUSDT,2025-09,303,16598416.794396112,90
2026-07-01,20,AAVEUSDT,2020-10,2099,16468949.419587556,90
2026-07-01,21,ONDOUSDT,2025-04,456,16320636.334665224,90
2026-07-01,22,FETUSDT,2019-02,2707,15325060.110167332,90
2026-07-01,23,LTCUSDT,2017-12,3134,14762187.570783887,90
2026-07-01,24,UNIUSDT,2020-09,2129,13797323.54530844,90
2026-07-01,25,PENGUUSDT,2024-12,577,13775723.67981779,90
2026-07-01,26,ASTERUSDT,2025-10,273,13589539.331772666,90
2026-07-01,27,DASHUSDT,2019-03,2679,12820738.382478558,90
2026-07-01,28,BARDUSDT,2025-09,303,12740597.58911422,90
2026-07-01,29,TRUMPUSDT,2025-01,546,12721177.411046388,90
2026-07-01,30,STOUSDT,2025-05,426,12673220.704943664,90
