symbol,base,excluded_reason,listing_month,listing_detection_note,ever_eligible_in_study_window,stablecoin_excluded_quarters
BTCUSDT,BTC,"BTC 為迴歸 beta 基準本身,非 alt candidate(文件第 1 節排除規則第 1 項)",,,False,0
ETHUSDT,ETH,,2017-08,二分搜尋 + 前 2 個月抽查通過,True,0
BNBUSDT,BNB,,2017-11,二分搜尋 + 前 2 個月抽查通過,True,0
NEOUSDT,NEO,,2017-11,二分搜尋 + 前 2 個月抽查通過,True,0
LTCUSDT,LTC,,2017-12,二分搜尋 + 前 2 個月抽查通過,True,0
QTUMUSDT,QTUM,,2018-03,二分搜尋 + 前 2 個月抽查通過,True,0
ADAUSDT,ADA,,2018-04,二分搜尋 + 前 2 個月抽查通過,True,0
XRPUSDT,XRP,,2018-05,二分搜尋 + 前 2 個月抽查通過,True,0
TUSDUSDT,TUSD,,,,False,0
IOTAUSDT,IOTA,,2018-05,二分搜尋 + 前 2 個月抽查通過,True,0
XLMUSDT,XLM,,2018-05,二分搜尋 + 前 2 個月抽查通過,True,0
ONTUSDT,ONT,,2018-06,二分搜尋 + 前 2 個月抽查通過,True,0
TRXUSDT,TRX,,2018-06,二分搜尋 + 前 2 個月抽查通過,True,0
ETCUSDT,ETC,,2018-06,二分搜尋 + 前 2 個月抽查通過,True,0
ICXUSDT,ICX,,2018-06,二分搜尋 + 前 2 個月抽查通過,True,0
VETUSDT,VET,,2018-07,二分搜尋 + 前 2 個月抽查通過,True,0
USDCUSDT,USDC,,,,False,0
LINKUSDT,LINK,,2019-01,二分搜尋 + 前 2 個月抽查通過,True,0
ONGUSDT,ONG,,2019-02,二分搜尋 + 前 2 個月抽查通過,True,0
HOTUSDT,HOT,,2019-02,二分搜尋 + 前 2 個月抽查通過,True,0
ZILUSDT,ZIL,,2019-02,二分搜尋 + 前 2 個月抽查通過,True,0
ZRXUSDT,ZRX,,2019-02,二分搜尋 + 前 2 個月抽查通過,True,0
FETUSDT,FET,,2019-02,二分搜尋 + 前 2 個月抽查通過,True,0
BATUSDT,BAT,,2019-03,二分搜尋 + 前 2 個月抽查通過,True,0
ZECUSDT,ZEC,,2019-03,二分搜尋 + 前 2 個月抽查通過,True,0
IOSTUSDT,IOST,,2019-03,二分搜尋 + 前 2 個月抽查通過,True,0
CELRUSDT,CELR,,2019-03,二分搜尋 + 前 2 個月抽查通過,True,0
DASHUSDT,DASH,,2019-03,二分搜尋 + 前 2 個月抽查通過,True,0
THETAUSDT,THETA,,2019-04,二分搜尋 + 前 2 個月抽查通過,True,0
ENJUSDT,ENJ,,2019-04,二分搜尋 + 前 2 個月抽查通過,True,0
ATOMUSDT,ATOM,,2019-04,二分搜尋 + 前 2 個月抽查通過,True,0
TFUELUSDT,TFUEL,,2019-05,二分搜尋 + 前 2 個月抽查通過,True,0
ONEUSDT,ONE,,2019-06,二分搜尋 + 前 2 個月抽查通過,True,0
ALGOUSDT,ALGO,,2019-06,二分搜尋 + 前 2 個月抽查通過,True,0
DOGEUSDT,DOGE,,2019-07,二分搜尋 + 前 2 個月抽查通過,True,0
DUSKUSDT,DUSK,,2019-07,二分搜尋 + 前 2 個月抽查通過,True,0
ANKRUSDT,ANKR,,2019-07,二分搜尋 + 前 2 個月抽查通過,True,0
WINUSDT,WIN,,2019-08,二分搜尋 + 前 2 個月抽查通過,True,0
MTLUSDT,MTL,,2019-08,二分搜尋 + 前 2 個月抽查通過,True,0
CVCUSDT,CVC,,2019-08,二分搜尋 + 前 2 個月抽查通過,True,0
CHZUSDT,CHZ,,2019-09,二分搜尋 + 前 2 個月抽查通過,True,0
BANDUSDT,BAND,,2019-09,二分搜尋 + 前 2 個月抽查通過,True,0
XTZUSDT,XTZ,,2019-09,二分搜尋 + 前 2 個月抽查通過,True,0
RVNUSDT,RVN,,2019-09,二分搜尋 + 前 2 個月抽查通過,True,0
HBARUSDT,HBAR,,2019-09,二分搜尋 + 前 2 個月抽查通過,True,0
STXUSDT,STX,,2019-10,二分搜尋 + 前 2 個月抽查通過,True,0
KAVAUSDT,KAVA,,2019-10,二分搜尋 + 前 2 個月抽查通過,True,0
ARPAUSDT,ARPA,,2019-11,二分搜尋 + 前 2 個月抽查通過,True,0
IOTXUSDT,IOTX,,2019-11,二分搜尋 + 前 2 個月抽查通過,True,0
RLCUSDT,RLC,,2019-11,二分搜尋 + 前 2 個月抽查通過,True,0
BCHUSDT,BCH,,2019-11,二分搜尋 + 前 2 個月抽查通過,True,0
FTTUSDT,FTT,,2019-12,二分搜尋 + 前 2 個月抽查通過,True,0
EURUSDT,EUR,法幣對(文件第 1 節排除規則第 2 項),2020-01,二分搜尋 + 前 2 個月抽查通過,False,0
OGNUSDT,OGN,,2020-01,二分搜尋 + 前 2 個月抽查通過,True,0
LSKUSDT,LSK,,2020-02,二分搜尋 + 前 2 個月抽查通過,True,0
BNTUSDT,BNT,,2020-02,二分搜尋 + 前 2 個月抽查通過,True,0
MBLUSDT,MBL,,2020-02,二分搜尋 + 前 2 個月抽查通過,True,0
COTIUSDT,COTI,,2020-02,二分搜尋 + 前 2 個月抽查通過,True,0
SOLUSDT,SOL,,2020-08,二分搜尋 + 前 2 個月抽查通過,True,0
CTSIUSDT,CTSI,,2020-04,二分搜尋 + 前 2 個月抽查通過,True,0
HIVEUSDT,HIVE,,2020-04,二分搜尋 + 前 2 個月抽查通過,True,0
CHRUSDT,CHR,,2020-05,二分搜尋 + 前 2 個月抽查通過,True,0
KNCUSDT,KNC,,2020-06,二分搜尋 + 前 2 個月抽查通過,True,0
COMPUSDT,COMP,,2020-06,二分搜尋 + 前 2 個月抽查通過,True,0
SCUSDT,SC,,2020-07,二分搜尋 + 前 2 個月抽查通過,True,0
ZENUSDT,ZEN,,2020-07,二分搜尋 + 前 2 個月抽查通過,True,0
SNXUSDT,SNX,,2020-07,二分搜尋 + 前 2 個月抽查通過,True,0
VTHOUSDT,VTHO,,2020-07,二分搜尋 + 前 2 個月抽查通過,True,0
DGBUSDT,DGB,,2020-07,二分搜尋 + 前 2 個月抽查通過,True,0
DCRUSDT,DCR,,2020-07,二分搜尋 + 前 2 個月抽查通過,True,0
STORJUSDT,STORJ,,2020-07,二分搜尋 + 前 2 個月抽查通過,True,0
MANAUSDT,MANA,,2020-08,二分搜尋 + 前 2 個月抽查通過,True,0
YFIUSDT,YFI,,2020-08,二分搜尋 + 前 2 個月抽查通過,True,0
JSTUSDT,JST,,2020-08,二分搜尋 + 前 2 個月抽查通過,True,0
CRVUSDT,CRV,,2020-08,二分搜尋 + 前 2 個月抽查通過,True,0
SANDUSDT,SAND,,2020-08,二分搜尋 + 前 2 個月抽查通過,True,0
NMRUSDT,NMR,,2020-08,二分搜尋 + 前 2 個月抽查通過,True,0
DOTUSDT,DOT,,2020-08,二分搜尋 + 前 2 個月抽查通過,True,0
LUNAUSDT,LUNA,,2020-08,二分搜尋 + 前 2 個月抽查通過,True,0
RSRUSDT,RSR,,2020-08,二分搜尋 + 前 2 個月抽查通過,True,0
PAXGUSDT,PAXG,黃金/貴金屬代幣(文件第 1 節排除規則第 3 項),2020-08,二分搜尋 + 前 2 個月抽查通過,False,0
TRBUSDT,TRB,,2020-08,二分搜尋 + 前 2 個月抽查通過,True,0
SUSHIUSDT,SUSHI,,2020-09,二分搜尋 + 前 2 個月抽查通過,True,0
KSMUSDT,KSM,,2020-09,二分搜尋 + 前 2 個月抽查通過,True,0
EGLDUSDT,EGLD,,2020-09,二分搜尋 + 前 2 個月抽查通過,True,0
DIAUSDT,DIA,,2020-09,二分搜尋 + 前 2 個月抽查通過,True,0
RUNEUSDT,RUNE,,2020-09,二分搜尋 + 前 2 個月抽查通過,True,0
UMAUSDT,UMA,,2020-09,二分搜尋 + 前 2 個月抽查通過,True,0
BELUSDT,BEL,,2020-09,二分搜尋 + 前 2 個月抽查通過,True,0
UNIUSDT,UNI,,2020-09,二分搜尋 + 前 2 個月抽查通過,True,0
SUNUSDT,SUN,,2020-09,二分搜尋 + 前 2 個月抽查通過,True,0
AVAXUSDT,AVAX,,2020-09,二分搜尋 + 前 2 個月抽查通過,True,0
XVSUSDT,XVS,,2020-10,二分搜尋 + 前 2 個月抽查通過,True,0
AAVEUSDT,AAVE,,2020-10,二分搜尋 + 前 2 個月抽查通過,True,0
NEARUSDT,NEAR,,2020-10,二分搜尋 + 前 2 個月抽查通過,True,0
FILUSDT,FIL,,2020-10,二分搜尋 + 前 2 個月抽查通過,True,0
INJUSDT,INJ,,2020-10,二分搜尋 + 前 2 個月抽查通過,True,0
AUDIOUSDT,AUDIO,,2020-10,二分搜尋 + 前 2 個月抽查通過,True,0
CTKUSDT,CTK,,2020-10,二分搜尋 + 前 2 個月抽查通過,True,0
AXSUSDT,AXS,,2020-11,二分搜尋 + 前 2 個月抽查通過,True,0
STRAXUSDT,STRAX,,2020-11,二分搜尋 + 前 2 個月抽查通過,True,0
ROSEUSDT,ROSE,,2020-11,二分搜尋 + 前 2 個月抽查通過,True,0
AVAUSDT,AVA,,2020-11,二分搜尋 + 前 2 個月抽查通過,True,0
SKLUSDT,SKL,,2020-12,二分搜尋 + 前 2 個月抽查通過,True,0
GRTUSDT,GRT,,2020-12,二分搜尋 + 前 2 個月抽查通過,True,0
JUVUSDT,JUV,,2020-12,二分搜尋 + 前 2 個月抽查通過,True,0
PSGUSDT,PSG,,2020-12,二分搜尋 + 前 2 個月抽查通過,True,0
1INCHUSDT,1INCH,,2020-12,二分搜尋 + 前 2 個月抽查通過,True,0
OGUSDT,OG,,2020-12,二分搜尋 + 前 2 個月抽查通過,True,0
ATMUSDT,ATM,,2020-12,二分搜尋 + 前 2 個月抽查通過,True,0
ASRUSDT,ASR,,2020-12,二分搜尋 + 前 2 個月抽查通過,True,0
CELOUSDT,CELO,,2021-01,二分搜尋 + 前 2 個月抽查通過,True,0
RIFUSDT,RIF,,2021-01,二分搜尋 + 前 2 個月抽查通過,True,0
CKBUSDT,CKB,,2021-01,二分搜尋 + 前 2 個月抽查通過,True,0
TWTUSDT,TWT,,2021-01,二分搜尋 + 前 2 個月抽查通過,True,0
SFPUSDT,SFP,,2021-02,二分搜尋 + 前 2 個月抽查通過,True,0
DODOUSDT,DODO,,2021-02,二分搜尋 + 前 2 個月抽查通過,True,0
CAKEUSDT,CAKE,,2021-02,二分搜尋 + 前 2 個月抽查通過,True,0
ACMUSDT,ACM,,2021-02,二分搜尋 + 前 2 個月抽查通過,True,0
ALICEUSDT,ALICE,,2021-03,二分搜尋 + 前 2 個月抽查通過,True,0
SUPERUSDT,SUPER,,2021-03,二分搜尋 + 前 2 個月抽查通過,True,0
CFXUSDT,CFX,,2021-03,二分搜尋 + 前 2 個月抽查通過,True,0
TKOUSDT,TKO,,2021-04,二分搜尋 + 前 2 個月抽查通過,True,0
PUNDIXUSDT,PUNDIX,,2021-04,二分搜尋 + 前 2 個月抽查通過,True,0
TLMUSDT,TLM,,2021-04,二分搜尋 + 前 2 個月抽查通過,True,0
BARUSDT,BAR,,2021-04,二分搜尋 + 前 2 個月抽查通過,True,0
SLPUSDT,SLP,,2021-04,二分搜尋 + 前 2 個月抽查通過,True,0
SHIBUSDT,SHIB,,2021-05,二分搜尋 + 前 2 個月抽查通過,True,0
ICPUSDT,ICP,,2021-05,二分搜尋 + 前 2 個月抽查通過,True,0
ARUSDT,AR,,2021-05,二分搜尋 + 前 2 個月抽查通過,True,0
MASKUSDT,MASK,,2021-05,二分搜尋 + 前 2 個月抽查通過,True,0
LPTUSDT,LPT,,2021-05,二分搜尋 + 前 2 個月抽查通過,True,0
XVGUSDT,XVG,,2021-06,二分搜尋 + 前 2 個月抽查通過,True,0
GTCUSDT,GTC,,2021-06,二分搜尋 + 前 2 個月抽查通過,True,0
PHAUSDT,PHA,,2021-06,二分搜尋 + 前 2 個月抽查通過,True,0
DEXEUSDT,DEXE,,2021-07,二分搜尋 + 前 2 個月抽查通過,True,0
C98USDT,C98,,2021-07,二分搜尋 + 前 2 個月抽查通過,True,0
QNTUSDT,QNT,,2021-07,二分搜尋 + 前 2 個月抽查通過,True,0
FLOWUSDT,FLOW,,2021-07,二分搜尋 + 前 2 個月抽查通過,True,0
MINAUSDT,MINA,,2021-08,二分搜尋 + 前 2 個月抽查通過,True,0
RAYUSDT,RAY,,2021-08,二分搜尋 + 前 2 個月抽查通過,True,0
QUICKUSDT,QUICK,,2021-08,二分搜尋 + 前 2 個月抽查通過,True,0
REQUSDT,REQ,,2021-08,二分搜尋 + 前 2 個月抽查通過,True,0
WAXPUSDT,WAXP,,2021-08,二分搜尋 + 前 2 個月抽查通過,True,0
GNOUSDT,GNO,,2021-08,二分搜尋 + 前 2 個月抽查通過,True,0
XECUSDT,XEC,,2021-09,二分搜尋 + 前 2 個月抽查通過,True,0
DYDXUSDT,DYDX,,2021-09,二分搜尋 + 前 2 個月抽查通過,True,0
USDPUSDT,USDP,,2021-09,二分搜尋 + 前 2 個月抽查通過,True,16
GALAUSDT,GALA,,2021-09,二分搜尋 + 前 2 個月抽查通過,True,0
ILVUSDT,ILV,,2021-09,二分搜尋 + 前 2 個月抽查通過,True,0
YGGUSDT,YGG,,2021-09,二分搜尋 + 前 2 個月抽查通過,True,0
FIDAUSDT,FIDA,,2021-09,二分搜尋 + 前 2 個月抽查通過,True,0
AGLDUSDT,AGLD,,2021-10,二分搜尋 + 前 2 個月抽查通過,True,0
RADUSDT,RAD,,2021-10,二分搜尋 + 前 2 個月抽查通過,True,0
RAREUSDT,RARE,,2021-10,二分搜尋 + 前 2 個月抽查通過,True,0
LAZIOUSDT,LAZIO,,2021-10,二分搜尋 + 前 2 個月抽查通過,True,0
ADXUSDT,ADX,,2021-10,二分搜尋 + 前 2 個月抽查通過,True,0
AUCTIONUSDT,AUCTION,,2021-10,二分搜尋 + 前 2 個月抽查通過,True,0
MOVRUSDT,MOVR,,2021-11,二分搜尋 + 前 2 個月抽查通過,True,0
CITYUSDT,CITY,,2021-11,二分搜尋 + 前 2 個月抽查通過,True,0
ENSUSDT,ENS,,2021-11,二分搜尋 + 前 2 個月抽查通過,True,0
QIUSDT,QI,,2021-11,二分搜尋 + 前 2 個月抽查通過,True,0
PORTOUSDT,PORTO,,2021-11,二分搜尋 + 前 2 個月抽查通過,True,0
POWRUSDT,POWR,,2021-11,二分搜尋 + 前 2 個月抽查通過,True,0
JASMYUSDT,JASMY,,2021-11,二分搜尋 + 前 2 個月抽查通過,True,0
AMPUSDT,AMP,,2021-11,二分搜尋 + 前 2 個月抽查通過,True,0
SANTOSUSDT,SANTOS,,2021-12,二分搜尋 + 前 2 個月抽查通過,True,0
BICOUSDT,BICO,,2021-12,二分搜尋 + 前 2 個月抽查通過,True,0
FLUXUSDT,FLUX,,2021-12,二分搜尋 + 前 2 個月抽查通過,True,0
CVXUSDT,CVX,,2021-12,二分搜尋 + 前 2 個月抽查通過,True,0
PEOPLEUSDT,PEOPLE,,2021-12,二分搜尋 + 前 2 個月抽查通過,True,0
SPELLUSDT,SPELL,,2021-12,二分搜尋 + 前 2 個月抽查通過,True,0
JOEUSDT,JOE,,2021-12,二分搜尋 + 前 2 個月抽查通過,True,0
ACHUSDT,ACH,,2022-01,二分搜尋 + 前 2 個月抽查通過,True,0
IMXUSDT,IMX,,2022-01,二分搜尋 + 前 2 個月抽查通過,True,0
GLMRUSDT,GLMR,,2022-01,二分搜尋 + 前 2 個月抽查通過,True,0
SCRTUSDT,SCRT,,2022-01,二分搜尋 + 前 2 個月抽查通過,True,0
API3USDT,API3,,2022-01,二分搜尋 + 前 2 個月抽查通過,True,0
BTTCUSDT,BTTC,,2022-01,二分搜尋 + 前 2 個月抽查通過,True,0
XNOUSDT,XNO,,2022-01,二分搜尋 + 前 2 個月抽查通過,True,0
WOOUSDT,WOO,,2022-02,二分搜尋 + 前 2 個月抽查通過,True,0
ALPINEUSDT,ALPINE,,2022-02,二分搜尋 + 前 2 個月抽查通過,True,0
TUSDT,T,,2022-02,二分搜尋 + 前 2 個月抽查通過,True,0
ASTRUSDT,ASTR,,2022-02,二分搜尋 + 前 2 個月抽查通過,True,0
GMTUSDT,GMT,,2022-03,二分搜尋 + 前 2 個月抽查通過,True,0
APEUSDT,APE,,2022-03,二分搜尋 + 前 2 個月抽查通過,True,0
STEEMUSDT,STEEM,,2022-04,二分搜尋 + 前 2 個月抽查通過,True,0
NEXOUSDT,NEXO,,2022-04,二分搜尋 + 前 2 個月抽查通過,True,0
LDOUSDT,LDO,,2022-05,二分搜尋 + 前 2 個月抽查通過,True,0
OPUSDT,OP,,2022-06,二分搜尋 + 前 2 個月抽查通過,True,0
STGUSDT,STG,,2022-08,二分搜尋 + 前 2 個月抽查通過,True,0
LUNCUSDT,LUNC,,2022-09,二分搜尋 + 前 2 個月抽查通過,True,0
GMXUSDT,GMX,,2022-10,二分搜尋 + 前 2 個月抽查通過,True,0
POLYXUSDT,POLYX,,2022-10,二分搜尋 + 前 2 個月抽查通過,True,0
APTUSDT,APT,,2022-10,二分搜尋 + 前 2 個月抽查通過,True,0
OSMOUSDT,OSMO,,2022-10,二分搜尋 + 前 2 個月抽查通過,True,0
MAGICUSDT,MAGIC,,2022-12,二分搜尋 + 前 2 個月抽查通過,True,0
RPLUSDT,RPL,,2023-01,二分搜尋 + 前 2 個月抽查通過,True,0
GNSUSDT,GNS,,2023-02,二分搜尋 + 前 2 個月抽查通過,True,0
SYNUSDT,SYN,,2023-02,二分搜尋 + 前 2 個月抽查通過,True,0
SSVUSDT,SSV,,2023-02,二分搜尋 + 前 2 個月抽查通過,True,0
LQTYUSDT,LQTY,,2023-02,二分搜尋 + 前 2 個月抽查通過,True,0
USTCUSDT,USTC,,2023-03,二分搜尋 + 前 2 個月抽查通過,True,0
GASUSDT,GAS,,2023-03,二分搜尋 + 前 2 個月抽查通過,True,0
GLMUSDT,GLM,,2023-03,二分搜尋 + 前 2 個月抽查通過,True,0
PROMUSDT,PROM,,2023-03,二分搜尋 + 前 2 個月抽查通過,True,0
QKCUSDT,QKC,,2023-03,二分搜尋 + 前 2 個月抽查通過,True,0
IDUSDT,ID,,2023-03,二分搜尋 + 前 2 個月抽查通過,True,0
ARBUSDT,ARB,,2023-03,二分搜尋 + 前 2 個月抽查通過,True,0
WBTCUSDT,WBTC,包裝幣(文件第 1 節排除規則第 5 項),,,False,0
EDUUSDT,EDU,,2023-04,二分搜尋 + 前 2 個月抽查通過,True,0
SUIUSDT,SUI,,2023-05,二分搜尋 + 前 2 個月抽查通過,True,0
PEPEUSDT,PEPE,,2023-05,二分搜尋 + 前 2 個月抽查通過,True,0
FLOKIUSDT,FLOKI,,2023-05,二分搜尋 + 前 2 個月抽查通過,True,0
MAVUSDT,MAV,,2023-06,二分搜尋 + 前 2 個月抽查通過,True,0
PENDLEUSDT,PENDLE,,2023-07,二分搜尋 + 前 2 個月抽查通過,True,0
ARKMUSDT,ARKM,,2023-07,二分搜尋 + 前 2 個月抽查通過,True,0
WBETHUSDT,WBETH,,2023-07,二分搜尋 + 前 2 個月抽查通過,True,0
WLDUSDT,WLD,,2023-07,二分搜尋 + 前 2 個月抽查通過,True,0
FDUSDUSDT,FDUSD,,,,False,0
SEIUSDT,SEI,,2023-08,二分搜尋 + 前 2 個月抽查通過,True,0
CYBERUSDT,CYBER,,2023-08,二分搜尋 + 前 2 個月抽查通過,True,0
ARKUSDT,ARK,,2023-09,二分搜尋 + 前 2 個月抽查通過,True,0
IQUSDT,IQ,,2023-09,二分搜尋 + 前 2 個月抽查通過,True,0
TIAUSDT,TIA,,2023-10,二分搜尋 + 前 2 個月抽查通過,True,0
MEMEUSDT,MEME,,2023-11,二分搜尋 + 前 2 個月抽查通過,True,0
ORDIUSDT,ORDI,,2023-11,二分搜尋 + 前 2 個月抽查通過,True,0
BEAMXUSDT,BEAMX,,2023-11,二分搜尋 + 前 2 個月抽查通過,True,0
BLURUSDT,BLUR,,2023-11,二分搜尋 + 前 2 個月抽查通過,True,0
JTOUSDT,JTO,,2023-12,二分搜尋 + 前 2 個月抽查通過,True,0
1000SATSUSDT,1000SATS,,2023-12,二分搜尋 + 前 2 個月抽查通過,True,0
BONKUSDT,BONK,,2023-12,二分搜尋 + 前 2 個月抽查通過,True,0
ACEUSDT,ACE,,2023-12,二分搜尋 + 前 2 個月抽查通過,True,0
AIUSDT,AI,,2024-01,二分搜尋 + 前 2 個月抽查通過,True,0
XAIUSDT,XAI,,2024-01,二分搜尋 + 前 2 個月抽查通過,True,0
MANTAUSDT,MANTA,,2024-01,二分搜尋 + 前 2 個月抽查通過,True,0
ALTUSDT,ALT,,2024-01,二分搜尋 + 前 2 個月抽查通過,True,0
JUPUSDT,JUP,槓桿代幣 *UP/*DOWN(文件第 1 節排除規則第 6 項),,,False,0
PYTHUSDT,PYTH,,2024-02,二分搜尋 + 前 2 個月抽查通過,True,0
RONINUSDT,RONIN,,2024-02,二分搜尋 + 前 2 個月抽查通過,True,0
DYMUSDT,DYM,,2024-02,二分搜尋 + 前 2 個月抽查通過,True,0
PIXELUSDT,PIXEL,,2024-02,二分搜尋 + 前 2 個月抽查通過,True,0
STRKUSDT,STRK,,2024-02,二分搜尋 + 前 2 個月抽查通過,True,0
PORTALUSDT,PORTAL,,2024-02,二分搜尋 + 前 2 個月抽查通過,True,0
AXLUSDT,AXL,,2024-03,二分搜尋 + 前 2 個月抽查通過,True,0
WIFUSDT,WIF,,2024-03,二分搜尋 + 前 2 個月抽查通過,True,0
METISUSDT,METIS,,2024-03,二分搜尋 + 前 2 個月抽查通過,True,0
AEVOUSDT,AEVO,,2024-03,二分搜尋 + 前 2 個月抽查通過,True,0
BOMEUSDT,BOME,,2024-03,二分搜尋 + 前 2 個月抽查通過,True,0
ETHFIUSDT,ETHFI,,2024-03,二分搜尋 + 前 2 個月抽查通過,True,0
ENAUSDT,ENA,,2024-04,二分搜尋 + 前 2 個月抽查通過,True,0
WUSDT,W,,2024-04,二分搜尋 + 前 2 個月抽查通過,True,0
TNSRUSDT,TNSR,,2024-04,二分搜尋 + 前 2 個月抽查通過,True,0
SAGAUSDT,SAGA,,2024-04,二分搜尋 + 前 2 個月抽查通過,True,0
TAOUSDT,TAO,,2024-04,二分搜尋 + 前 2 個月抽查通過,True,0
REZUSDT,REZ,,2024-04,二分搜尋 + 前 2 個月抽查通過,True,0
BBUSDT,BB,,2024-05,二分搜尋 + 前 2 個月抽查通過,True,0
NOTUSDT,NOT,,2024-05,二分搜尋 + 前 2 個月抽查通過,True,0
IOUSDT,IO,,2024-06,二分搜尋 + 前 2 個月抽查通過,True,0
ZKUSDT,ZK,,2024-06,二分搜尋 + 前 2 個月抽查通過,True,0
LISTAUSDT,LISTA,,2024-06,二分搜尋 + 前 2 個月抽查通過,True,0
ZROUSDT,ZRO,,2024-06,二分搜尋 + 前 2 個月抽查通過,True,0
GUSDT,G,,2024-07,二分搜尋 + 前 2 個月抽查通過,True,0
BANANAUSDT,BANANA,,2024-07,二分搜尋 + 前 2 個月抽查通過,True,0
RENDERUSDT,RENDER,,2024-07,二分搜尋 + 前 2 個月抽查通過,True,0
DOGSUSDT,DOGS,,2024-08,二分搜尋 + 前 2 個月抽查通過,True,0
EURIUSDT,EURI,,2024-08,二分搜尋 + 前 2 個月抽查通過,True,0
POLUSDT,POL,,2024-09,二分搜尋 + 前 2 個月抽查通過,True,0
NEIROUSDT,NEIRO,,2024-09,二分搜尋 + 前 2 個月抽查通過,True,0
TURBOUSDT,TURBO,,2024-09,二分搜尋 + 前 2 個月抽查通過,True,0
1MBABYDOGEUSDT,1MBABYDOGE,,2024-09,二分搜尋 + 前 2 個月抽查通過,True,0
CATIUSDT,CATI,,2024-09,二分搜尋 + 前 2 個月抽查通過,True,0
HMSTRUSDT,HMSTR,,2024-09,二分搜尋 + 前 2 個月抽查通過,True,0
EIGENUSDT,EIGEN,,2024-10,二分搜尋 + 前 2 個月抽查通過,True,0
SCRUSDT,SCR,,2024-10,二分搜尋 + 前 2 個月抽查通過,True,0
BNSOLUSDT,BNSOL,,2024-10,二分搜尋 + 前 2 個月抽查通過,True,0
LUMIAUSDT,LUMIA,,2024-10,二分搜尋 + 前 2 個月抽查通過,True,0
KAIAUSDT,KAIA,,2024-10,二分搜尋 + 前 2 個月抽查通過,True,0
COWUSDT,COW,,2024-11,二分搜尋 + 前 2 個月抽查通過,True,0
CETUSUSDT,CETUS,,2024-11,二分搜尋 + 前 2 個月抽查通過,True,0
PNUTUSDT,PNUT,,2024-11,二分搜尋 + 前 2 個月抽查通過,True,0
ACTUSDT,ACT,,2024-11,二分搜尋 + 前 2 個月抽查通過,True,0
USUALUSDT,USUAL,,2024-11,二分搜尋 + 前 2 個月抽查通過,True,0
THEUSDT,THE,,2024-11,二分搜尋 + 前 2 個月抽查通過,True,0
ORCAUSDT,ORCA,,2024-12,二分搜尋 + 前 2 個月抽查通過,True,0
MOVEUSDT,MOVE,,2024-12,二分搜尋 + 前 2 個月抽查通過,True,0
MEUSDT,ME,,2024-12,二分搜尋 + 前 2 個月抽查通過,True,0
VELODROMEUSDT,VELODROME,,2024-12,二分搜尋 + 前 2 個月抽查通過,True,0
VANAUSDT,VANA,,2024-12,二分搜尋 + 前 2 個月抽查通過,True,0
1000CATUSDT,1000CAT,,2024-12,二分搜尋 + 前 2 個月抽查通過,True,0
PENGUUSDT,PENGU,,2024-12,二分搜尋 + 前 2 個月抽查通過,True,0
BIOUSDT,BIO,,2025-01,二分搜尋 + 前 2 個月抽查通過,True,0
AIXBTUSDT,AIXBT,,2025-01,二分搜尋 + 前 2 個月抽查通過,True,0
CGPTUSDT,CGPT,,2025-01,二分搜尋 + 前 2 個月抽查通過,True,0
COOKIEUSDT,COOKIE,,2025-01,二分搜尋 + 前 2 個月抽查通過,True,0
SUSDT,S,,2025-01,二分搜尋 + 前 2 個月抽查通過,True,0
SOLVUSDT,SOLV,,2025-01,二分搜尋 + 前 2 個月抽查通過,True,0
TRUMPUSDT,TRUMP,,2025-01,二分搜尋 + 前 2 個月抽查通過,True,0
ANIMEUSDT,ANIME,,2025-01,二分搜尋 + 前 2 個月抽查通過,True,0
BERAUSDT,BERA,,2025-02,二分搜尋 + 前 2 個月抽查通過,True,0
1000CHEEMSUSDT,1000CHEEMS,,2025-02,二分搜尋 + 前 2 個月抽查通過,True,0
TSTUSDT,TST,,2025-02,二分搜尋 + 前 2 個月抽查通過,True,0
LAYERUSDT,LAYER,,2025-02,二分搜尋 + 前 2 個月抽查通過,True,0
HEIUSDT,HEI,,2025-02,二分搜尋 + 前 2 個月抽查通過,True,0
KAITOUSDT,KAITO,,2025-02,二分搜尋 + 前 2 個月抽查通過,True,0
SHELLUSDT,SHELL,,2025-02,二分搜尋 + 前 2 個月抽查通過,True,0
REDUSDT,RED,,2025-02,二分搜尋 + 前 2 個月抽查通過,True,0
GPSUSDT,GPS,,2025-03,二分搜尋 + 前 2 個月抽查通過,True,0
EPICUSDT,EPIC,,2025-03,二分搜尋 + 前 2 個月抽查通過,True,0
BMTUSDT,BMT,,2025-03,二分搜尋 + 前 2 個月抽查通過,True,0
FORMUSDT,FORM,,2025-03,二分搜尋 + 前 2 個月抽查通過,True,0
XUSDUSDT,XUSD,,2025-03,二分搜尋 + 前 2 個月抽查通過,True,4
NILUSDT,NIL,,2025-03,二分搜尋 + 前 2 個月抽查通過,True,0
PARTIUSDT,PARTI,,2025-03,二分搜尋 + 前 2 個月抽查通過,True,0
MUBARAKUSDT,MUBARAK,,2025-03,二分搜尋 + 前 2 個月抽查通過,True,0
TUTUSDT,TUT,,2025-03,二分搜尋 + 前 2 個月抽查通過,True,0
BROCCOLI714USDT,BROCCOLI714,,2025-03,二分搜尋 + 前 2 個月抽查通過,True,0
BANANAS31USDT,BANANAS31,,2025-03,二分搜尋 + 前 2 個月抽查通過,True,0
GUNUSDT,GUN,,2025-03,二分搜尋 + 前 2 個月抽查通過,True,0
BABYUSDT,BABY,,2025-04,二分搜尋 + 前 2 個月抽查通過,True,0
ONDOUSDT,ONDO,,2025-04,二分搜尋 + 前 2 個月抽查通過,True,0
BIGTIMEUSDT,BIGTIME,,2025-04,二分搜尋 + 前 2 個月抽查通過,True,0
VIRTUALUSDT,VIRTUAL,,2025-04,二分搜尋 + 前 2 個月抽查通過,True,0
KERNELUSDT,KERNEL,,2025-04,二分搜尋 + 前 2 個月抽查通過,True,0
WCTUSDT,WCT,,2025-04,二分搜尋 + 前 2 個月抽查通過,True,0
HYPERUSDT,HYPER,,2025-04,二分搜尋 + 前 2 個月抽查通過,True,0
INITUSDT,INIT,,2025-04,二分搜尋 + 前 2 個月抽查通過,True,0
SIGNUSDT,SIGN,,2025-04,二分搜尋 + 前 2 個月抽查通過,True,0
STOUSDT,STO,,2025-05,二分搜尋 + 前 2 個月抽查通過,True,0
SYRUPUSDT,SYRUP,槓桿代幣 *UP/*DOWN(文件第 1 節排除規則第 6 項),,,False,0
KMNOUSDT,KMNO,,2025-05,二分搜尋 + 前 2 個月抽查通過,True,0
SXTUSDT,SXT,,2025-05,二分搜尋 + 前 2 個月抽查通過,True,0
NXPCUSDT,NXPC,,2025-05,二分搜尋 + 前 2 個月抽查通過,True,0
AWEUSDT,AWE,,2025-05,二分搜尋 + 前 2 個月抽查通過,True,0
HAEDALUSDT,HAEDAL,,2025-05,二分搜尋 + 前 2 個月抽查通過,True,0
USD1USDT,USD1,,2025-05,二分搜尋 + 前 2 個月抽查通過,True,3
HUMAUSDT,HUMA,,2025-05,二分搜尋 + 前 2 個月抽查通過,True,0
AUSDT,A,,2025-05,二分搜尋 + 前 2 個月抽查通過,True,0
SOPHUSDT,SOPH,,2025-05,二分搜尋 + 前 2 個月抽查通過,True,0
RESOLVUSDT,RESOLV,,2025-06,二分搜尋 + 前 2 個月抽查通過,True,0
HOMEUSDT,HOME,,2025-06,二分搜尋 + 前 2 個月抽查通過,True,0
SPKUSDT,SPK,,2025-06,二分搜尋 + 前 2 個月抽查通過,True,0
NEWTUSDT,NEWT,,2025-06,二分搜尋 + 前 2 個月抽查通過,True,0
SAHARAUSDT,SAHARA,,2025-06,二分搜尋 + 前 2 個月抽查通過,True,0
LAUSDT,LA,,2025-07,二分搜尋 + 前 2 個月抽查通過,True,0
ERAUSDT,ERA,,2025-07,二分搜尋 + 前 2 個月抽查通過,True,0
CUSDT,C,,2025-07,二分搜尋 + 前 2 個月抽查通過,True,0
TREEUSDT,TREE,,2025-07,二分搜尋 + 前 2 個月抽查通過,True,0
TOWNSUSDT,TOWNS,,2025-08,二分搜尋 + 前 2 個月抽查通過,True,0
PROVEUSDT,PROVE,,2025-08,二分搜尋 + 前 2 個月抽查通過,True,0
BFUSDUSDT,BFUSD,,2025-08,二分搜尋 + 前 2 個月抽查通過,True,2
PLUMEUSDT,PLUME,,2025-08,二分搜尋 + 前 2 個月抽查通過,True,0
DOLOUSDT,DOLO,,2025-08,二分搜尋 + 前 2 個月抽查通過,True,0
MITOUSDT,MITO,,2025-08,二分搜尋 + 前 2 個月抽查通過,True,0
WLFIUSDT,WLFI,,2025-09,二分搜尋 + 前 2 個月抽查通過,True,0
SOMIUSDT,SOMI,,2025-09,二分搜尋 + 前 2 個月抽查通過,True,0
OPENUSDT,OPEN,,2025-09,二分搜尋 + 前 2 個月抽查通過,True,0
USDEUSDT,USDE,,2025-09,二分搜尋 + 前 2 個月抽查通過,True,2
LINEAUSDT,LINEA,,2025-09,二分搜尋 + 前 2 個月抽查通過,True,0
HOLOUSDT,HOLO,,2025-09,二分搜尋 + 前 2 個月抽查通過,True,0
PUMPUSDT,PUMP,,2025-09,二分搜尋 + 前 2 個月抽查通過,True,0
AVNTUSDT,AVNT,,2025-09,二分搜尋 + 前 2 個月抽查通過,True,0
ZKCUSDT,ZKC,,2025-09,二分搜尋 + 前 2 個月抽查通過,True,0
SKYUSDT,SKY,,2025-09,二分搜尋 + 前 2 個月抽查通過,True,0
BARDUSDT,BARD,,2025-09,二分搜尋 + 前 2 個月抽查通過,True,0
0GUSDT,0G,,2025-09,二分搜尋 + 前 2 個月抽查通過,True,0
HEMIUSDT,HEMI,,2025-09,二分搜尋 + 前 2 個月抽查通過,True,0
XPLUSDT,XPL,,2025-09,二分搜尋 + 前 2 個月抽查通過,True,0
MIRAUSDT,MIRA,,2025-09,二分搜尋 + 前 2 個月抽查通過,True,0
FFUSDT,FF,,2025-09,二分搜尋 + 前 2 個月抽查通過,True,0
EDENUSDT,EDEN,,2025-09,二分搜尋 + 前 2 個月抽查通過,True,0
NOMUSDT,NOM,,2025-10,二分搜尋 + 前 2 個月抽查通過,True,0
2ZUSDT,2Z,,2025-10,二分搜尋 + 前 2 個月抽查通過,True,0
MORPHOUSDT,MORPHO,,2025-10,二分搜尋 + 前 2 個月抽查通過,True,0
ASTERUSDT,ASTER,,2025-10,二分搜尋 + 前 2 個月抽查通過,True,0
WALUSDT,WAL,,2025-10,二分搜尋 + 前 2 個月抽查通過,True,0
EULUSDT,EUL,,2025-10,二分搜尋 + 前 2 個月抽查通過,True,0
ENSOUSDT,ENSO,,2025-10,二分搜尋 + 前 2 個月抽查通過,True,0
YBUSDT,YB,,2025-10,二分搜尋 + 前 2 個月抽查通過,True,0
ZBTUSDT,ZBT,,2025-10,二分搜尋 + 前 2 個月抽查通過,True,0
TURTLEUSDT,TURTLE,,2025-10,二分搜尋 + 前 2 個月抽查通過,True,0
GIGGLEUSDT,GIGGLE,,2025-10,二分搜尋 + 前 2 個月抽查通過,True,0
FUSDT,F,,2025-10,二分搜尋 + 前 2 個月抽查通過,True,0
KITEUSDT,KITE,,2025-11,二分搜尋 + 前 2 個月抽查通過,True,0
MMTUSDT,MMT,,2025-11,二分搜尋 + 前 2 個月抽查通過,True,0
SAPIENUSDT,SAPIEN,,2025-11,二分搜尋 + 前 2 個月抽查通過,True,0
ALLOUSDT,ALLO,,2025-11,二分搜尋 + 前 2 個月抽查通過,True,0
BANKUSDT,BANK,,2025-11,二分搜尋 + 前 2 個月抽查通過,True,0
METUSDT,MET,,2025-11,二分搜尋 + 前 2 個月抽查通過,True,0
ATUSDT,AT,,2025-11,二分搜尋 + 前 2 個月抽查通過,True,0
KGSTUSDT,KGST,,2025-12,二分搜尋 + 前 2 個月抽查通過,True,0
BREVUSDT,BREV,,2026-01,二分搜尋 + 前 2 個月抽查通過,True,0
币安人生USDT,币安人生,,2026-01,二分搜尋 + 前 2 個月抽查通過,True,0
ZKPUSDT,ZKP,,2026-01,二分搜尋 + 前 2 個月抽查通過,True,0
UUSDT,U,,2026-01,二分搜尋 + 前 2 個月抽查通過,True,1
FRAXUSDT,FRAX,,2026-01,二分搜尋 + 前 2 個月抽查通過,True,0
FOGOUSDT,FOGO,,2026-01,二分搜尋 + 前 2 個月抽查通過,True,0
RLUSDUSDT,RLUSD,,2026-01,二分搜尋 + 前 2 個月抽查通過,True,1
SENTUSDT,SENT,,2026-01,二分搜尋 + 前 2 個月抽查通過,True,0
ZAMAUSDT,ZAMA,,2026-02,二分搜尋 + 前 2 個月抽查通過,False,0
ESPUSDT,ESP,,2026-02,二分搜尋 + 前 2 個月抽查通過,False,0
MANTRAUSDT,MANTRA,,2026-03,二分搜尋 + 前 2 個月抽查通過,False,0
ROBOUSDT,ROBO,,2026-03,二分搜尋 + 前 2 個月抽查通過,False,0
OPNUSDT,OPN,,2026-03,二分搜尋 + 前 2 個月抽查通過,False,0
NIGHTUSDT,NIGHT,,2026-03,二分搜尋 + 前 2 個月抽查通過,False,0
CFGUSDT,CFG,,2026-03,二分搜尋 + 前 2 個月抽查通過,False,0
KATUSDT,KAT,,2026-03,二分搜尋 + 前 2 個月抽查通過,False,0
XAUTUSDT,XAUT,黃金/貴金屬代幣(文件第 1 節排除規則第 3 項),2026-03,二分搜尋 + 前 2 個月抽查通過,False,0
USDSUSDT,USDS,,2026-04,二分搜尋 + 前 2 個月抽查通過,False,0
CHIPUSDT,CHIP,,2026-04,二分搜尋 + 前 2 個月抽查通過,False,0
MEGAUSDT,MEGA,,2026-04,二分搜尋 + 前 2 個月抽查通過,False,0
AIGENSYNUSDT,AIGENSYN,,2026-05,二分搜尋 + 前 2 個月抽查通過,False,0
GENIUSUSDT,GENIUS,,2026-05,二分搜尋 + 前 2 個月抽查通過,False,0
OPGUSDT,OPG,,2026-05,二分搜尋 + 前 2 個月抽查通過,False,0
MUBUSDT,MUB,,2026-06,二分搜尋 + 前 2 個月抽查通過,False,0
CRCLBUSDT,CRCLB,,2026-06,二分搜尋 + 前 2 個月抽查通過,False,0
NVDABUSDT,NVDAB,,2026-06,二分搜尋 + 前 2 個月抽查通過,False,0
SNDKBUSDT,SNDKB,,2026-06,二分搜尋 + 前 2 個月抽查通過,False,0
TSLABUSDT,TSLAB,,2026-06,二分搜尋 + 前 2 個月抽查通過,False,0
SPCXBUSDT,SPCXB,,2026-06,二分搜尋 + 前 2 個月抽查通過,False,0
REUSDT,RE,,2026-06,二分搜尋 + 前 2 個月抽查通過,False,0
AMDBUSDT,AMDB,,2026-06,二分搜尋 + 前 2 個月抽查通過,False,0
EWYBUSDT,EWYB,,2026-06,二分搜尋 + 前 2 個月抽查通過,False,0
INTCBUSDT,INTCB,,2026-06,二分搜尋 + 前 2 個月抽查通過,False,0
MSTRBUSDT,MSTRB,,2026-06,二分搜尋 + 前 2 個月抽查通過,False,0
LITEBUSDT,LITEB,,2026-06,二分搜尋 + 前 2 個月抽查通過,False,0
METABUSDT,METAB,,2026-06,二分搜尋 + 前 2 個月抽查通過,False,0
MSFTBUSDT,MSFTB,,2026-06,二分搜尋 + 前 2 個月抽查通過,False,0
PLTRBUSDT,PLTRB,,2026-06,二分搜尋 + 前 2 個月抽查通過,False,0
QQQBUSDT,QQQB,,2026-06,二分搜尋 + 前 2 個月抽查通過,False,0
GRAMUSDT,GRAM,,2026-07,二分搜尋 + 前 2 個月抽查通過,False,0
CBRSBUSDT,CBRSB,,2026-07,二分搜尋 + 前 2 個月抽查通過,False,0
COINBUSDT,COINB,,2026-07,二分搜尋 + 前 2 個月抽查通過,False,0
DRAMBUSDT,DRAMB,,2026-07,二分搜尋 + 前 2 個月抽查通過,False,0
GLWBUSDT,GLWB,,2026-07,二分搜尋 + 前 2 個月抽查通過,False,0
GOOGLBUSDT,GOOGLB,,2026-07,二分搜尋 + 前 2 個月抽查通過,False,0
NBISBUSDT,NBISB,,2026-07,二分搜尋 + 前 2 個月抽查通過,False,0
QCOMBUSDT,QCOMB,,2026-07,二分搜尋 + 前 2 個月抽查通過,False,0
SOXLBUSDT,SOXLB,,2026-07,二分搜尋 + 前 2 個月抽查通過,False,0
SPYBUSDT,SPYB,,2026-07,二分搜尋 + 前 2 個月抽查通過,False,0
WDCBUSDT,WDCB,,2026-07,二分搜尋 + 前 2 個月抽查通過,False,0
SKHYBUSDT,SKHYB,,2026-07,二分搜尋 + 前 2 個月抽查通過,False,0
AAOIBUSDT,AAOIB,,2026-07,二分搜尋 + 前 2 個月抽查通過,False,0
ARMBUSDT,ARMB,,2026-07,二分搜尋 + 前 2 個月抽查通過,False,0
AVGOBUSDT,AVGOB,,2026-07,二分搜尋 + 前 2 個月抽查通過,False,0
BABABUSDT,BABAB,,2026-07,二分搜尋 + 前 2 個月抽查通過,False,0
HOODBUSDT,HOODB,,2026-07,二分搜尋 + 前 2 個月抽查通過,False,0
IBMBUSDT,IBMB,,2026-07,二分搜尋 + 前 2 個月抽查通過,False,0
MRVLBUSDT,MRVLB,,2026-07,二分搜尋 + 前 2 個月抽查通過,False,0
NOKBUSDT,NOKB,,2026-07,二分搜尋 + 前 2 個月抽查通過,False,0
TSMBUSDT,TSMB,,2026-07,二分搜尋 + 前 2 個月抽查通過,False,0
RKLBBUSDT,RKLBB,,2026-07,二分搜尋 + 前 2 個月抽查通過,False,0
AEROUSDT,AERO,,2026-07,二分搜尋 + 前 2 個月抽查通過,False,0
AXTIBUSDT,AXTIB,,2026-07,二分搜尋 + 前 2 個月抽查通過,False,0
CRWVBUSDT,CRWVB,,2026-07,二分搜尋 + 前 2 個月抽查通過,False,0
INTWBUSDT,INTWB,,2026-07,二分搜尋 + 前 2 個月抽查通過,False,0
KORUBUSDT,KORUB,,2026-07,二分搜尋 + 前 2 個月抽查通過,False,0
MUUBUSDT,MUUB,,2026-07,二分搜尋 + 前 2 個月抽查通過,False,0
MVLLBUSDT,MVLLB,,2026-07,二分搜尋 + 前 2 個月抽查通過,False,0
ORCLBUSDT,ORCLB,,2026-07,二分搜尋 + 前 2 個月抽查通過,False,0
QNTBUSDT,QNTB,,2026-07,二分搜尋 + 前 2 個月抽查通過,False,0
SNXXBUSDT,SNXXB,,2026-07,二分搜尋 + 前 2 個月抽查通過,False,0
TQQQBUSDT,TQQQB,,2026-07,二分搜尋 + 前 2 個月抽查通過,False,0
AAPLBUSDT,AAPLB,,2026-07,二分搜尋 + 前 2 個月抽查通過,False,0
AMATBUSDT,AMATB,,2026-07,二分搜尋 + 前 2 個月抽查通過,False,0
AMZNBUSDT,AMZNB,,2026-07,二分搜尋 + 前 2 個月抽查通過,False,0
BEBUSDT,BEB,,2026-07,二分搜尋 + 前 2 個月抽查通過,False,0
DELLBUSDT,DELLB,,2026-07,二分搜尋 + 前 2 個月抽查通過,False,0
FLNCBUSDT,FLNCB,,2026-07,二分搜尋 + 前 2 個月抽查通過,False,0
GSBUSDT,GSB,,2026-07,二分搜尋 + 前 2 個月抽查通過,False,0
PYPLBUSDT,PYPLB,,2026-07,二分搜尋 + 前 2 個月抽查通過,False,0
SMHBUSDT,SMHB,,2026-07,二分搜尋 + 前 2 個月抽查通過,False,0
SOXSBUSDT,SOXSB,,2026-07,二分搜尋 + 前 2 個月抽查通過,False,0
ASMLBUSDT,ASMLB,,,"2026-07 封存不存在 —— 可能於研究窗口結束後才上市,或封存尚未發布,不納入本次研究窗口",False,0
ASTSBUSDT,ASTSB,,,"2026-07 封存不存在 —— 可能於研究窗口結束後才上市,或封存尚未發布,不納入本次研究窗口",False,0
BMNRBUSDT,BMNRB,,,"2026-07 封存不存在 —— 可能於研究窗口結束後才上市,或封存尚未發布,不納入本次研究窗口",False,0
COHRBUSDT,COHRB,,,"2026-07 封存不存在 —— 可能於研究窗口結束後才上市,或封存尚未發布,不納入本次研究窗口",False,0
CRDOBUSDT,CRDOB,,,"2026-07 封存不存在 —— 可能於研究窗口結束後才上市,或封存尚未發布,不納入本次研究窗口",False,0
IRENBUSDT,IRENB,,,"2026-07 封存不存在 —— 可能於研究窗口結束後才上市,或封存尚未發布,不納入本次研究窗口",False,0
NFLXBUSDT,NFLXB,,,"2026-07 封存不存在 —— 可能於研究窗口結束後才上市,或封存尚未發布,不納入本次研究窗口",False,0
SMCIBUSDT,SMCIB,,,"2026-07 封存不存在 —— 可能於研究窗口結束後才上市,或封存尚未發布,不納入本次研究窗口",False,0
USARBUSDT,USARB,,,"2026-07 封存不存在 —— 可能於研究窗口結束後才上市,或封存尚未發布,不納入本次研究窗口",False,0
ALABBUSDT,ALABB,,,"2026-07 封存不存在 —— 可能於研究窗口結束後才上市,或封存尚未發布,不納入本次研究窗口",False,0
GMEBUSDT,GMEB,,,"2026-07 封存不存在 —— 可能於研究窗口結束後才上市,或封存尚未發布,不納入本次研究窗口",False,0
